source,site_name,developer,country,longitude,latitude,status,date_commissioned,customers,geometry
CLUBER,Andulo,Unkonwn,Angola,16.694,-11.484,Unknown,2018-07-01,2000,POINT (16.694 -11.484)
CLUBER,Bonvale,Unkonwn,Burkina Faso,-4.2,11.766,Unknown,2017-07-01,0,POINT (-4.2 11.766)
CLUBER,Bontioli,Unkonwn,Burkina Faso,-3.077,10.807,Unknown,2017-07-01,0,POINT (-3.077 10.807)
CLUBER,Bittou,Unkonwn,Burkina Faso,-0.304,11.257,Unknown,2017-07-01,0,POINT (-0.304 11.257)
CLUBER,Gori,TIN TUA ONG,Burkina Faso,-2.4,11.416,Unknown,2016-07-01,0,POINT (-2.4 11.416)
CLUBER,Samendeni,Unkonwn,Burkina Faso,-3.338,12.143,Unknown,2017-07-01,0,POINT (-3.338 12.143)
CLUBER,Bilgo,Sonabel,Burkina Faso,12.3,-1.34,Operating,2016-07-01,2300,POINT (12.3 -1.34)
CLUBER,Koutseni,Unkonwn,Burkina Faso,-4.75,11.283,Unknown,2017-07-01,0,POINT (-4.75 11.283)
CLUBER,Bon,Unkonwn,Burkina Faso,-2.75,11.183,Unknown,2017-07-01,0,POINT (-2.75 11.183)
CLUBER,Badango,Unkonwn,Burkina Faso,-1.166,11.116,Unknown,2017-07-01,0,POINT (-1.166 11.116)
CLUBER,Gougourou,Unkonwn,Burkina Faso,-2.333,11.583,Unknown,2017-07-01,0,POINT (-2.333 11.583)
CLUBER,Ziga,SPEEDTECH,Burkina Faso,-0.823,12.617,Unknown,2017-07-01,0,POINT (-0.823 12.617)
CLUBER,Arli,Unkonwn,Burkina Faso,1.466,11.583,Unknown,2017-07-01,0,POINT (1.466 11.583)
CLUBER,Kirgou,Unkonwn,Burkina Faso,0.716,13.283,Unknown,2017-07-01,0,POINT (0.716 13.283)
CLUBER,Guiba and Bindé,Service international d'Appui au Développement,Burkina Faso,11.45,-1.0524,Operating,2017-07-01,5000,POINT (11.45 -1.0524)
CLUBER,Baoue,Unkonwn,Burkina Faso,0.58,10.259,Unknown,2017-07-01,0,POINT (0.58 10.259)
CLUBER,Adamaoua,ONUDI,Cameroon,12.805,6.918,Unknown,2018-07-01,0,POINT (12.805 6.918)
CLUBER,Mbakaou,Eneo Cameroon S A,Cameroon,12.811,6.307,Unknown,2018-07-01,0,POINT (12.811 6.307)
CLUBER,Afanloum,REFELA-Cam,Cameroon,11.706,4.629,Unknown,2018-07-01,0,POINT (11.706 4.629)
CLUBER,Bayomen,Ministère de l’Eau et de l’Energie (Minee),Cameroon,11.1,4.866,Operating,2017-07-01,120,POINT (11.1 4.866)
CLUBER,Ngoro,Unkonwn,Cameroon,11.385,4.953,Unknown,2017-07-01,0,POINT (11.385 4.953)
CLUBER,Bambouti / Ngoura,Energy for Development Reasearch Project of the University of Southmpton,Cameroon,14.02,5.07,Operating,2015-07-01,0,POINT (14.02 5.07)
CLUBER,Angossas,REFELA-Cam,Cameroon,13.129,3.974,Unknown,2018-07-01,0,POINT (13.129 3.974)
CLUBER,Lomié,Agence d’électrification rurale (AER),Cameroon,13.63,3.161,Unknown,2015-07-01,0,POINT (13.63 3.161)
CLUBER,Messamena,Agence d’électrification rurale (AER),Cameroon,12.823,3.741,Unknown,2015-07-01,0,POINT (12.823 3.741)
CLUBER,Messock,Unkonwn,Cameroon,14.062,3.085,Unknown,2015-07-01,0,POINT (14.062 3.085)
CLUBER,Nkah,ADEID,Cameroon,9.891,5.017,Operating,2014-07-01,300,POINT (9.891 5.017)
CLUBER,Tcholliré,CANOPY,Cameroon,14.166,8.361,Operating,2016-07-01,0,POINT (14.166 8.361)
CLUBER,Batié,Unkonwn,Cameroon,10.265,5.292,Unknown,2017-07-01,0,POINT (10.265 5.292)
CLUBER,Messok,Unkonwn,Cameroon,14.062,3.085,Unknown,2017-07-01,0,POINT (14.062 3.085)
CLUBER,Mintom,REFELA-Cam,Cameroon,15.016,3.433,Unknown,2018-07-01,0,POINT (15.016 3.433)
CLUBER,Mvomeka’a,Huawei Technologies,Cameroon,12.266,3.116,Operating,2015-07-01,0,POINT (12.266 3.116)
CLUBER,Rumpi,Unkonwn,Cameroon,9.116,4.833,Unknown,2017-07-01,0,POINT (9.116 4.833)
CLUBER,Bekem,Unkonwn,Cameroon,10.016,4.7,Unknown,2014-07-01,0,POINT (10.016 4.7)
CLUBER,Chutes de Buba,Unkonwn,Cameroon,9.566,4.616,Unknown,2014-07-01,0,POINT (9.566 4.616)
CLUBER,Edjong,Unkonwn,Cameroon,9.955,6.827,Unknown,2014-07-01,0,POINT (9.955 6.827)
CLUBER,Famtchuet,Unkonwn,Cameroon,10.488,5.506,Unknown,2014-07-01,0,POINT (10.488 5.506)
CLUBER,Foumbot,Unkonwn,Cameroon,10.636,5.502,Unknown,2014-07-01,0,POINT (10.636 5.502)
CLUBER,Jakiri,Unkonwn,Cameroon,10.639,6.081,Unknown,2014-07-01,0,POINT (10.639 6.081)
CLUBER,Koutaba,Unkonwn,Cameroon,10.747,5.636,Unknown,2014-07-01,0,POINT (10.747 5.636)
CLUBER,Mak Mo,Unkonwn,Cameroon,9.367,5.82,Unknown,2014-07-01,0,POINT (9.367 5.82)
CLUBER,Massagam,Unkonwn,Cameroon,10.978,5.429,Unknown,2014-07-01,0,POINT (10.978 5.429)
CLUBER,Ndokban,Unkonwn,Cameroon,10.283,4.75,Unknown,2014-07-01,0,POINT (10.283 4.75)
CLUBER,Mwanzi,UNDP / GEF / Government of RDC,DR Congo,17.612,-4.951,Unknown,2017-07-01,4500,POINT (17.612 -4.951)
CLUBER,Loano,UNDP / GEF / Government of RDC,DR Congo,11.835,-4.63,Unknown,2017-07-01,2183,POINT (11.835 -4.63)
CLUBER,Mukulu,UNDP / GEF / Government of RDC,DR Congo,19.3,-5.55,Unknown,2017-07-01,4330,POINT (19.3 -5.55)
CLUBER,Munganzaa,UNDP / GEF / Government of RDC,DR Congo,26.435,-3.386,Unknown,2017-07-01,4500,POINT (26.435 -3.386)
CLUBER,Nianza,UNDP / GEF / Government of RDC,DR Congo,27.543,-11.654,Unknown,2017-07-01,0,POINT (27.543 -11.654)
CLUBER,Kintadi,UNDP / GEF / Government of RDC,DR Congo,14.191,-3.39,Unknown,2017-07-01,2250,POINT (14.191 -3.39)
CLUBER,Nsangi,UNDP / GEF / Government of RDC,DR Congo,21.758,-4.038,Unknown,2017-07-01,16875,POINT (21.758 -4.038)
CLUBER,Kikozo (riv. Lubuzi),UNDP / GEF / Government of RDC,DR Congo,12.94,-4.988,Unknown,2017-07-01,6919,POINT (12.94 -4.988)
CLUBER,Wuwu,UNDP / GEF / Government of RDC,DR Congo,19.95,4.615,Unknown,2017-07-01,2227,POINT (19.95 4.615)
CLUBER,Molua,UNDP / GEF / Government of RDC,DR Congo,26.79,-7.666,Unknown,2017-07-01,1318,POINT (26.79 -7.666)
CLUBER,Mole,UNDP / GEF / Government of RDC,DR Congo,28.286,-1.595,Unknown,2017-07-01,1130,POINT (28.286 -1.595)
CLUBER,KABANGU (Bulungu cité),Unkonwn,DR Congo,16.683,-5.816,Unknown,2016-07-01,233333,POINT (16.683 -5.816)
CLUBER,KULUNDJI,Unkonwn,DR Congo,18.565,-7.681,Unknown,2016-07-01,3792,POINT (18.565 -7.681)
CLUBER,YUNGU,Unkonwn,DR Congo,29.1,-4.877,Unknown,2016-07-01,582852,POINT (29.1 -4.877)
CLUBER,LISALA,Unkonwn,DR Congo,21.487,2.17,Unknown,2016-07-01,681669,POINT (21.487 2.17)
CLUBER,Monkoto,Unkonwn,DR Congo,20.648,-1.648,Unknown,2016-07-01,161243,POINT (20.648 -1.648)
CLUBER,Zongo,Unkonwn,DR Congo,18.621,4.324,Unknown,2016-07-01,65349,POINT (18.621 4.324)
CLUBER,Djoko-Punda,Unkonwn,DR Congo,20.98,-5.44,Unknown,2016-07-01,4002,POINT (20.98 -5.44)
CLUBER,Kazumba,Unkonwn,DR Congo,22.032,-6.413,Unknown,2016-07-01,110136,POINT (22.032 -6.413)
CLUBER,MWEKA,Unkonwn,DR Congo,21.331,-4.831,Unknown,2016-07-01,67336,POINT (21.331 -4.831)
CLUBER,Chutes Wolf ( Kabinda),Unkonwn,DR Congo,25.833,-5.5,Unknown,2016-07-01,0,POINT (25.833 -5.5)
CLUBER,Kamiji,Unkonwn,DR Congo,18.365,-6.231,Unknown,2016-07-01,52103,POINT (18.365 -6.231)
CLUBER,Kamiji (Kamiji),Unkonwn,DR Congo,23.283,-6.65,Unknown,2016-07-01,0,POINT (23.283 -6.65)
CLUBER,Katanda (Katanda),Unkonwn,DR Congo,29.341,-0.54,Unknown,2016-07-01,0,POINT (29.341 -0.54)
CLUBER,Kole (Kole),Unkonwn,DR Congo,23.195,-6.073,Unknown,2016-07-01,0,POINT (23.195 -6.073)
CLUBER,Lodja (Lodja),Unkonwn,DR Congo,23.596,-3.524,Unknown,2016-07-01,0,POINT (23.596 -3.524)
CLUBER,Lomami (Katako-kombe),Unkonwn,DR Congo,24.42,-3.397,Unknown,2016-07-01,0,POINT (24.42 -3.397)
CLUBER,Ludimbi,Unkonwn,DR Congo,22.741,-5.719,Unknown,2016-07-01,0,POINT (22.741 -5.719)
CLUBER,Ludimbu,Unkonwn,DR Congo,25.262,-5.24,Unknown,2016-07-01,202826,POINT (25.262 -5.24)
CLUBER,Lukenie (Lodja),Unkonwn,DR Congo,18.246,-2.797,Unknown,2016-07-01,0,POINT (18.246 -2.797)
CLUBER,LUNDIMBI,Unkonwn,DR Congo,23.333,-6.933,Unknown,2016-07-01,0,POINT (23.333 -6.933)
CLUBER,Shele (Lodja),Unkonwn,DR Congo,23.883,-3.433,Unknown,2016-07-01,0,POINT (23.883 -3.433)
CLUBER,Tshiala,Unkonwn,DR Congo,23.415,-10.405,Unknown,2016-07-01,0,POINT (23.415 -10.405)
CLUBER,Wembonyama 2,Unkonwn,DR Congo,24.512,-4.124,Unknown,2016-07-01,22750,POINT (24.512 -4.124)
CLUBER,Kihombo,Unkonwn,DR Congo,20.206,-6.257,Unknown,2016-07-01,0,POINT (20.206 -6.257)
CLUBER,KIJIYA,Unkonwn,DR Congo,29.194,-5.947,Unknown,2016-07-01,0,POINT (29.194 -5.947)
CLUBER,Kipushi,Unkonwn,DR Congo,27.67,-11.4636,Unknown,2016-07-01,1714,POINT (27.67 -11.4636)
CLUBER,Kiswishi,Unkonwn,DR Congo,25.001,-9.1,Unknown,2016-07-01,0,POINT (25.001 -9.1)
CLUBER,Kongolo,Unkonwn,DR Congo,27.281,-5.375,Unknown,2016-07-01,2129,POINT (27.281 -5.375)
CLUBER,Lububu,Unkonwn,DR Congo,25.485,-7.469,Unknown,2016-07-01,565,POINT (25.485 -7.469)
CLUBER,Lukombo,Unkonwn,DR Congo,28.763,-5.692,Unknown,2016-07-01,1207,POINT (28.763 -5.692)
CLUBER,Musokatanda,Unkonwn,DR Congo,25.083,-10.916,Unknown,2016-07-01,0,POINT (25.083 -10.916)
CLUBER,Aru,Unkonwn,DR Congo,30.838,2.859,Unknown,2016-07-01,797458,POINT (30.838 2.859)
CLUBER,Mutefu,UNDP / GEF / Government of RDC,DR Congo,22.183,-6.549,Unknown,2017-07-01,3390,POINT (22.183 -6.549)
CLUBER,Kaluebo,UNDP / GEF / Government of RDC,DR Congo,21.33,-5.5,Unknown,2017-07-01,2820,POINT (21.33 -5.5)
CLUBER,Limboyo,Unkonwn,DR Congo,21.76,2.022,Unknown,2016-07-01,0,POINT (21.76 2.022)
CLUBER,Tshidibai,Unkonwn,DR Congo,22.866,-6.5,Unknown,2016-07-01,0,POINT (22.866 -6.5)
CLUBER,Lukelenge,UNDP / GEF / Government of RDC,DR Congo,26.367,-7.208,Unknown,2017-07-01,840000,POINT (26.367 -7.208)
CLUBER,CHUTE VON FRANCOIS / Luebo,Unkonwn,DR Congo,21.416,-5.35,Unknown,2016-07-01,0,POINT (21.416 -5.35)
CLUBER,LUEKESHI,Unkonwn,DR Congo,23.145,-6.466,Unknown,2016-07-01,0,POINT (23.145 -6.466)
CLUBER,LUSAMBO (DIBAYA),Unkonwn,DR Congo,23.45,-4.966,Unknown,2016-07-01,0,POINT (23.45 -4.966)
CLUBER,MOYO,Unkonwn,DR Congo,22.466,-6.19,Unknown,2016-07-01,0,POINT (22.466 -6.19)
CLUBER,NDEKESE,Unkonwn,DR Congo,21.376,-3.488,Unknown,2016-07-01,0,POINT (21.376 -3.488)
CLUBER,TSHIBASHI,Unkonwn,DR Congo,22.133,-5.75,Unknown,2016-07-01,0,POINT (22.133 -5.75)
CLUBER,Lukombe,UNDP / GEF / Government of RDC,DR Congo,28.7609,-5.691,Unknown,2017-07-01,1207,POINT (28.7609 -5.691)
CLUBER,Ilunga,UNDP / GEF / Government of RDC,DR Congo,26.8902,-5.6748,Unknown,2017-07-01,2129,POINT (26.8902 -5.6748)
CLUBER,Lukushi,UNDP / GEF / Government of RDC,DR Congo,25.65,-7.6167,Unknown,2017-07-01,1687,POINT (25.65 -7.6167)
CLUBER,Mbankana,UNDP / GEF / Government of RDC,DR Congo,16.2066,-3.5542,Unknown,2017-07-01,17371,POINT (16.2066 -3.5542)
CLUBER,KASANGULU,Unkonwn,DR Congo,15.1668,-4.5888,Unknown,2016-07-01,584,POINT (15.1668 -4.5888)
CLUBER,KIMPESE,Unkonwn,DR Congo,14.4374,-5.5604,Unknown,2016-07-01,0,POINT (14.4374 -5.5604)
CLUBER,NSONA BANGU,Unkonwn,DR Congo,14.0333,-5.7,Unknown,2016-07-01,0,POINT (14.0333 -5.7)
CLUBER,Kizu,Unkonwn,DR Congo,13.0,-4.9833,Unknown,2016-07-01,1750,POINT (13 -4.9833)
CLUBER,NSONAMPANGU,Unkonwn,DR Congo,14.7078,-5.5933,Unknown,2016-07-01,2334,POINT (14.7078 -5.5933)
CLUBER,Kanga,Unkonwn,DR Congo,17.2411,-4.5469,Unknown,2016-07-01,0,POINT (17.2411 -4.5469)
CLUBER,MBWANDU,Unkonwn,DR Congo,21.7586,-4.0383,Unknown,2016-07-01,0,POINT (21.7586 -4.0383)
CLUBER,MUNDUNDU,Unkonwn,DR Congo,17.7851,-3.0347,Unknown,2016-07-01,0,POINT (17.7851 -3.0347)
CLUBER,SIMBA,Unkonwn,DR Congo,17.8669,-4.6536,Unknown,2016-07-01,0,POINT (17.8669 -4.6536)
CLUBER,VANGA,Unkonwn,DR Congo,18.4264,-4.4222,Unknown,2016-07-01,0,POINT (18.4264 -4.4222)
CLUBER,Agogo,UNDP / GEF / Government of RDC,DR Congo,27.0,-4.976,Unknown,2017-07-01,1700,POINT (27 -4.976)
CLUBER,Munumi,UNDP / GEF / Government of RDC,DR Congo,27.32,-4.195,Unknown,2017-07-01,4500,POINT (27.32 -4.195)
CLUBER,Elia,Unkonwn,DR Congo,28.5062,-8.5318,Unknown,2016-07-01,0,POINT (28.5062 -8.5318)
CLUBER,KABAMBARE,Unkonwn,DR Congo,27.6934,-4.6893,Unknown,2016-07-01,0,POINT (27.6934 -4.6893)
CLUBER,KAILO,Unkonwn,DR Congo,26.1,-2.6333,Unknown,2016-07-01,0,POINT (26.1 -2.6333)
CLUBER,KALIMA,Unkonwn,DR Congo,26.6167,-2.5667,Unknown,2016-07-01,0,POINT (26.6167 -2.5667)
CLUBER,Kibamba,Unkonwn,DR Congo,26.5504,-4.8855,Unknown,2016-07-01,0,POINT (26.5504 -4.8855)
CLUBER,LUAMA,Unkonwn,DR Congo,26.333,-5.866,Unknown,2016-07-01,0,POINT (26.333 -5.866)
CLUBER,LUBUTU,Unkonwn,DR Congo,26.572,-0.75,Unknown,2016-07-01,0,POINT (26.572 -0.75)
CLUBER,Matala,Unkonwn,DR Congo,26.25,-4.266,Unknown,2016-07-01,0,POINT (26.25 -4.266)
CLUBER,BAGATA,Unkonwn,DR Congo,17.956,-3.723,Unknown,2016-07-01,0,POINT (17.956 -3.723)
CLUBER,Oicha Mbau (riv. Mamundioma / site Chochota),UNDP / GEF / Government of RDC,DR Congo,29.35,0.587,Unknown,2017-07-01,2250,POINT (29.35 0.587)
CLUBER,Kitsumbiro (riv. Kivirikuku),UNDP / GEF / Government of RDC,DR Congo,29.52,0.2542,Unknown,2017-07-01,1130,POINT (29.52 0.2542)
CLUBER,Nkanga,UNDP / GEF / Government of RDC,DR Congo,17.374,-3.322,Unknown,2017-07-01,2133,POINT (17.374 -3.322)
CLUBER,Beni,Unkonwn,DR Congo,29.452,0.499,Unknown,2016-07-01,408440,POINT (29.452 0.499)
CLUBER,Ibanga,Unkonwn,DR Congo,27.8322,-1.5658,Unknown,2016-07-01,30368,POINT (27.8322 -1.5658)
CLUBER,LOWA,Unkonwn,DR Congo,25.8463,-1.4015,Unknown,2016-07-01,0,POINT (25.8463 -1.4015)
CLUBER,Lubero,Unkonwn,DR Congo,29.2437,-0.155,Unknown,2016-07-01,43567,POINT (29.2437 -0.155)
CLUBER,LUME,Unkonwn,DR Congo,26.5167,-4.7167,Unknown,2016-07-01,0,POINT (26.5167 -4.7167)
CLUBER,TALYA SUD,Unkonwn,DR Congo,29.333,-0.517,Unknown,2016-07-01,0,POINT (29.333 -0.517)
CLUBER,ULINDI,Unkonwn,DR Congo,25.8639,-1.6777,Unknown,2016-07-01,0,POINT (25.8639 -1.6777)
CLUBER,Bagbugbuzi (riv. Yame),UNDP / GEF / Government of RDC,DR Congo,25.241,0.691,Operating,2017-07-01,1356,POINT (25.241 0.691)
CLUBER,Bale,UNDP / GEF / Government of RDC,DR Congo,26.9667,-6.8,Unknown,2017-07-01,1462,POINT (26.9667 -6.8)
CLUBER,Tsé,UNDP / GEF / Government of RDC,DR Congo,15.1419,-4.4121,Unknown,2017-07-01,3600,POINT (15.1419 -4.4121)
CLUBER,Lyenge,UNDP / GEF / Government of RDC,DR Congo,26.65,-6.6667,Unknown,2017-07-01,1280,POINT (26.65 -6.6667)
CLUBER,Luiro/Formulac,UNDP / GEF / Government of RDC,DR Congo,28.7972,-2.24,Unknown,2017-07-01,150,POINT (28.7972 -2.24)
CLUBER,Mushuva,UNDP / GEF / Government of RDC,DR Congo,28.85,-2.3667,Unknown,2017-07-01,300,POINT (28.85 -2.3667)
CLUBER,Sangano,UNDP / GEF / Government of RDC,DR Congo,26.0466,-10.6544,Unknown,2017-07-01,120,POINT (26.0466 -10.6544)
CLUBER,Lubumba,UNDP / GEF / Government of RDC,DR Congo,29.8545,-7.3873,Unknown,2017-07-01,8980,POINT (29.8545 -7.3873)
CLUBER,Bufelro,Unkonwn,DR Congo,29.0558,-3.0081,Unknown,2016-07-01,29950,POINT (29.0558 -3.0081)
CLUBER,Mususu,Unkonwn,DR Congo,28.6736,-2.7364,Unknown,2016-07-01,0,POINT (28.6736 -2.7364)
CLUBER,MUTAMBALA,Unkonwn,DR Congo,29.8167,-7.3333,Unknown,2016-07-01,0,POINT (29.8167 -7.3333)
CLUBER,ULINDI,Unkonwn,DR Congo,25.8639,-1.6777,Unknown,2016-07-01,0,POINT (25.8639 -1.6777)
CLUBER,Leku Migira,GIZ - Energising Development Ethiopia,Ethiopia,36.44,7.54,Operating,2016-07-01,207,POINT (36.44 7.54)
CLUBER,Pediatorkope,GEDAP Project,Ghana,0.63,5.819,Operating,2016-07-01,0,POINT (0.63 5.819)
CLUBER,Aglakope,GEDAP Project,Ghana,0.0656,7.5908,Operating,2016-07-01,124,POINT (0.0656 7.5908)
CLUBER,Naivasha,Thomson Reuters Foundation,Kenya,36.431,-0.7172,Operating,2017-07-01,6000,POINT (36.431 -0.7172)
CLUBER,Kerio,Unkonwn,Kenya,34.8667,3.65,Unknown,2016-07-01,0,POINT (34.8667 3.65)
CLUBER,Dadaab,Unkonwn,Kenya,40.3191,0.0926,Unknown,2014-07-01,10064,POINT (40.3191 0.0926)
CLUBER,Hulugho,Unkonwn,Kenya,41.0667,-1.15,Unknown,2014-07-01,759,POINT (41.0667 -1.15)
CLUBER,Liboi,Unkonwn,Kenya,40.8756,0.3556,Unknown,2016-07-01,0,POINT (40.8756 0.3556)
CLUBER,Oloika,Southampton University / Rural Electrification Authority,Kenya,37.55,-2.2667,Operating,2016-07-01,0,POINT (37.55 -2.2667)
CLUBER,Shampole,Southampton University / Rural Electrification Authority,Kenya,36.0492,-2.0167,Operating,2016-07-01,0,POINT (36.0492 -2.0167)
CLUBER,Nadapal,Unkonwn,Kenya,34.2837,4.4051,Unknown,2016-07-01,0,POINT (34.2837 4.4051)
CLUBER,Faza,KPLC,Kenya,41.1056,-2.0667,Operating,2014-07-01,1681,POINT (41.1056 -2.0667)
CLUBER,Kiunga,Unkonwn,Kenya,41.4888,-1.7455,Unknown,2014-07-01,762,POINT (41.4888 -1.7455)
CLUBER,Kitonyoni,Southampton University / Rural Electrification Authority,Kenya,37.656,-1.9552,Operating,2016-07-01,0,POINT (37.656 -1.9552)
CLUBER,Banisa,Unkonwn,Kenya,40.35,3.95,Unknown,2014-07-01,3217,POINT (40.35 3.95)
CLUBER,Kotulo,Unkonwn,Kenya,40.594,2.409,Unknown,2014-07-01,0,POINT (40.594 2.409)
CLUBER,Bubisa,Unkonwn,Kenya,38.083,2.75,Unknown,2016-07-01,0,POINT (38.083 2.75)
CLUBER,Dukana,GIZ/KfW,Kenya,37.416,4.083,Unknown,2016-07-01,0,POINT (37.416 4.083)
CLUBER,Furole,Unkonwn,Kenya,37.965,3.714,Unknown,2016-07-01,0,POINT (37.965 3.714)
CLUBER,Laisamis,KPLC,Kenya,37.806,1.596,Operating,2014-07-01,1456,POINT (37.806 1.596)
CLUBER,Maikona,Unkonwn,Kenya,37.63,2.936,Unknown,2014-07-01,1208,POINT (37.63 2.936)
CLUBER,Ngurunit,GIZ/KfW,Kenya,37.307,1.729,Unknown,2016-07-01,0,POINT (37.307 1.729)
CLUBER,North Horr,KPLC,Kenya,37.069,3.32,Operating,2014-07-01,1883,POINT (37.069 3.32)
CLUBER,Talek,GIZ Energy,Kenya,35.3,-1.383,Operating,2016-07-01,0,POINT (35.3 -1.383)
CLUBER,Darade,Unkonwn,Kenya,36.572,3.617,Unknown,2016-07-01,0,POINT (36.572 3.617)
CLUBER,Illeret,Unkonwn,Kenya,36.438,4.031,Unknown,2016-07-01,0,POINT (36.438 4.031)
CLUBER,Illaut,Unkonwn,Kenya,36.666,1.166,Unknown,2016-07-01,0,POINT (36.666 1.166)
CLUBER,Kakuma,Unkonwn,Kenya,34.8569,3.7168,Unknown,2014-07-01,0,POINT (34.8569 3.7168)
CLUBER,Kalokol,GIZ/KfW,Kenya,35.858,3.5269,Unknown,2016-07-01,0,POINT (35.858 3.5269)
CLUBER,Lokiriama,Unkonwn,Kenya,34.877,2.757,Unknown,2014-07-01,482,POINT (34.877 2.757)
CLUBER,Lokitaung,KPLC,Kenya,35.746,4.275,Operating,2014-07-01,7239,POINT (35.746 4.275)
CLUBER,Lokori,KPLC,Kenya,36.029,1.954,Operating,2014-07-01,8261,POINT (36.029 1.954)
CLUBER,Loyangalani,Unkonwn,Kenya,36.719,2.76,Unknown,2016-07-01,0,POINT (36.719 2.76)
CLUBER,Nachokui,Unkonwn,Kenya,35.837,4.108,Unknown,2016-07-01,0,POINT (35.837 4.108)
CLUBER,Oropoi,Unkonwn,Kenya,34.25,3.8,Unknown,2016-07-01,0,POINT (34.25 3.8)
CLUBER,Todonyang,Unkonwn,Kenya,35.928,4.45,Unknown,2016-07-01,0,POINT (35.928 4.45)
CLUBER,Turkwel,Unkonwn,Kenya,36.153,3.072,Unknown,2016-07-01,0,POINT (36.153 3.072)
CLUBER,Kakuma,Unkonwn,Kenya,34.856,3.716,Unknown,2016-07-01,0,POINT (34.856 3.716)
CLUBER,Napeitom,Unkonwn,Kenya,36.04,1.73,Unknown,2016-07-01,0,POINT (36.04 1.73)
CLUBER,Kalokol,Unkonwn,Kenya,35.783,3.428,Unknown,2016-07-01,0,POINT (35.783 3.428)
CLUBER,Kaeris,Unkonwn,Kenya,35.479,3.982,Unknown,2016-07-01,0,POINT (35.479 3.982)
CLUBER,Kibish,Unkonwn,Kenya,35.682,5.342,Unknown,2016-07-01,0,POINT (35.682 5.342)
CLUBER,Kokuro,Unkonwn,Kenya,35.065,4.723,Unknown,2016-07-01,0,POINT (35.065 4.723)
CLUBER,Lokamarinyang,Unkonwn,Kenya,35.728,5.059,Unknown,2016-07-01,0,POINT (35.728 5.059)
CLUBER,Lowarangak,Unkonwn,Kenya,35.872,4.243,Unknown,2016-07-01,0,POINT (35.872 4.243)
CLUBER,Biyamadhow,Rural Electrification Authority,Kenya,40.412,0.615,Unknown,2016-07-01,200,POINT (40.412 0.615)
CLUBER,Barsaloi,Unkonwn,Kenya,36.86,1.339,Unknown,2017-07-01,0,POINT (36.86 1.339)
CLUBER,Chania River,KTDA power,Kenya,36.97,-0.421,Unknown,2015-07-01,0,POINT (36.97 -0.421)
CLUBER,Chepkumia,Global Sustainable Limited,Kenya,34.933,1.333,Unknown,2019-07-01,0,POINT (34.933 1.333)
CLUBER,Dabel,Unkonwn,Kenya,39.266,3.083,Unknown,2017-07-01,0,POINT (39.266 3.083)
CLUBER,Elegeyo Marakwet,Craftskill EA Ltd,Kenya,35.508,0.672,Unknown,2019-07-01,0,POINT (35.508 0.672)
CLUBER,Embu,Kenya Tea Development Agency (KTDA),Kenya,37.459,-0.538,Unknown,2016-07-01,0,POINT (37.459 -0.538)
CLUBER,Enkoireroi,Unkonwn,Kenya,36.434,-1.395,Unknown,2017-07-01,0,POINT (36.434 -1.395)
CLUBER,Gari,Unkonwn,Kenya,40.9,3.383,Unknown,2016-07-01,0,POINT (40.9 3.383)
CLUBER,Gucha,KTDA,Kenya,34.729,-0.838,Unknown,2017-07-01,0,POINT (34.729 -0.838)
CLUBER,Gura River,Gura shp,Kenya,36.779,-0.523,Unknown,2016-07-01,0,POINT (36.779 -0.523)
CLUBER,IGOJI / MUTONGA RIVER,Responsibility Africa,Kenya,37.675,-0.204,Unknown,2019-07-01,0,POINT (37.675 -0.204)
CLUBER,Iraru River,"KTDA Ltd,",Kenya,37.766,-1.5,Unknown,2018-07-01,0,POINT (37.766 -1.5)
CLUBER,Iyego / River South Matioya,Cube Energy Limited,Kenya,37.033,-0.683,Unknown,2019-07-01,0,POINT (37.033 -0.683)
CLUBER,Kadaina islands,Unkonwn,Kenya,39.955,-3.381,Unknown,2017-07-01,0,POINT (39.955 -3.381)
CLUBER,Kaeris,Unkonwn,Kenya,35.479,3.982,Unknown,2017-07-01,0,POINT (35.479 3.982)
CLUBER,Kapkateny falls,A.M. Ventures LTD,Kenya,34.616,0.8,Unknown,2018-07-01,0,POINT (34.616 0.8)
CLUBER,Kathita River,Mt Kenya Community Based Organisation,Kenya,37.656,0.039,Unknown,2017-07-01,0,POINT (37.656 0.039)
CLUBER,"Kerenge, Tagabi, Jamji,",Unilever Tea Kenya Ltd,Kenya,35.192,-0.469,Unknown,2015-07-01,0,POINT (35.192 -0.469)
CLUBER,Kerio,Unkonwn,Kenya,36.219,2.761,Unknown,2017-07-01,0,POINT (36.219 2.761)
CLUBER,Kibisi falls / river Nzoia,Kibis Kinetic Energy Ltd,Kenya,34.507,0.371,Unknown,2017-07-01,0,POINT (34.507 0.371)
CLUBER,Kipsono,KTDA,Kenya,35.107,-0.705,Unknown,2017-07-01,0,POINT (35.107 -0.705)
CLUBER,KIRIMA KIANTHI / KAZITA RIVER,Hydro Project Service Peters,Kenya,37.47,-0.026,Unknown,2017-07-01,0,POINT (37.47 -0.026)
CLUBER,Mageta,Unkonwn,Kenya,34.016,-0.1333,Unknown,2017-07-01,0,POINT (34.016 -0.1333)
CLUBER,Mara River,"KTDA Ltd,",Kenya,35.022,-1.386,Unknown,2018-07-01,0,POINT (35.022 -1.386)
CLUBER,Merile,Unkonwn,Kenya,37.7224,1.4192,Unknown,2017-07-01,0,POINT (37.7224 1.4192)
CLUBER,Mweru / River North Mathioya,Cube Energy Limited,Kenya,37.1,-0.6167,Unknown,2019-07-01,0,POINT (37.1 -0.6167)
CLUBER,Namba Koloo,Unkonwn,Kenya,34.2694,0.2386,Unknown,2017-07-01,0,POINT (34.2694 0.2386)
CLUBER,Nanna,Unkonwn,Kenya,37.9062,-0.0236,Unknown,2017-07-01,0,POINT (37.9062 -0.0236)
CLUBER,Ngodhe,Unkonwn,Kenya,34.1906,-0.3539,Unknown,2017-07-01,0,POINT (34.1906 -0.3539)
CLUBER,Nithi River,Civicon Ltd,Kenya,37.4067,-0.169,Unknown,2020-07-01,0,POINT (37.4067 -0.169)
CLUBER,Nyamindi River,"KTDA Ltd,",Kenya,37.3854,-0.5514,Unknown,2018-07-01,0,POINT (37.3854 -0.5514)
CLUBER,Nzoia (Sidhikho),Global Sustainable Ltd,Kenya,33.949,0.0485,Unknown,2018-07-01,0,POINT (33.949 0.0485)
CLUBER,Olenarau,Unkonwn,Kenya,37.0,1.8333,Unknown,2017-07-01,0,POINT (37 1.8333)
CLUBER,Olturoto,Unkonwn,Kenya,36.9376,-1.6431,Unknown,2017-07-01,0,POINT (36.9376 -1.6431)
CLUBER,Opiroi,Unkonwn,Kenya,36.8132,1.1554,Unknown,2017-07-01,0,POINT (36.8132 1.1554)
CLUBER,river Mathioya,Cube Energy Limited,Kenya,37.2474,-0.7082,Unknown,2019-07-01,0,POINT (37.2474 -0.7082)
CLUBER,River Nithi,Frontier Investment Management,Kenya,37.9782,-0.157,Unknown,2017-07-01,0,POINT (37.9782 -0.157)
CLUBER,River Nyamindi,Greenlight Holdings,Kenya,37.3854,-0.5514,Unknown,2018-07-01,0,POINT (37.3854 -0.5514)
CLUBER,River yala,Tindinyo Falls Resort,Kenya,34.1864,-0.0077,Unknown,2016-07-01,0,POINT (34.1864 -0.0077)
CLUBER,Sagan River,Kirengete Hydro Power Company/ Kirinyaga west hydro power company ltd,Kenya,37.2,-0.65,Unknown,2019-07-01,0,POINT (37.2 -0.65)
CLUBER,Sagana River,Lucid Power Generation Company,Kenya,37.2061,-0.6695,Unknown,2019-07-01,0,POINT (37.2061 -0.6695)
CLUBER,Takawiri,Unkonwn,Kenya,34.0878,-0.4756,Unknown,2017-07-01,0,POINT (34.0878 -0.4756)
CLUBER,Teremi Falls,"GenPro, Shp",Kenya,34.6333,0.75,Unknown,2016-07-01,0,POINT (34.6333 0.75)
CLUBER,Wasini/Mkwiro,Unkonwn,Kenya,39.3646,-4.6579,Unknown,2017-07-01,0,POINT (39.3646 -4.6579)
CLUBER,Webuye Falls,Que Energy/ western hydro,Kenya,34.7796,0.5992,Unknown,2018-07-01,0,POINT (34.7796 0.5992)
CLUBER,Margibi,Unkonwn,Liberia,-10.3049,6.5152,Unknown,2020-07-01,0,POINT (-10.3049 6.5152)
CLUBER,Bong,NRICA,Liberia,-9.6667,6.9,Unknown,2019-07-01,0,POINT (-9.6667 6.9)
CLUBER,Bong,Unkonwn,Liberia,-9.3673,6.8295,Operating,2016-07-01,0,POINT (-9.3673 6.8295)
CLUBER,Lofa,NRICA,Liberia,-9.7233,8.2011,Operating,2017-07-01,205,POINT (-9.7233 8.2011)
CLUBER,Lofa,PLAN & VOSIEDA,Liberia,-9.9233,8.1911,Operating,2017-07-01,0,POINT (-9.9233 8.1911)
CLUBER,Lofa,PLAN & VOSIEDA,Liberia,-9.6233,8.1611,Operating,2017-07-01,0,POINT (-9.6233 8.1611)
CLUBER,Lofa,PLAN & VOSIEDA,Liberia,-9.7233,8.1711,Operating,2017-07-01,0,POINT (-9.7233 8.1711)
CLUBER,Lofa,PLAN & VOSIEDA,Liberia,-9.7233,8.1911,Operating,2017-07-01,0,POINT (-9.7233 8.1911)
CLUBER,Lofa,RREA,Liberia,-9.7233,8.1811,Unknown,2019-07-01,50005,POINT (-9.7233 8.1811)
CLUBER,Lofa,PLAN & VOSIEDA,Liberia,-9.7233,8.2211,Operating,2017-07-01,0,POINT (-9.7233 8.2211)
CLUBER,Nimba,NRICA,Liberia,-8.6601,6.8428,Operating,2016-07-01,0,POINT (-8.6601 6.8428)
CLUBER,Belobaka,Henri Fraise et Fils,Madagascar,45.69,-18.98,Operating,2017-07-01,0,POINT (45.69 -18.98)
CLUBER,Mandalobe,CASIELEC,Madagascar,46.11,-19.11,Unknown,2017-07-01,2930,POINT (46.11 -19.11)
CLUBER,Antoby est,3ERAE,Madagascar,46.92,-19.07,Operating,2015-07-01,0,POINT (46.92 -19.07)
CLUBER,Fandriana,HIER,Madagascar,47.37,-20.23,Operating,2014-07-01,0,POINT (47.37 -20.23)
CLUBER,Soavina - Ilaka centre,HIER,Madagascar,47.16,-20.33,Operating,2015-07-01,0,POINT (47.16 -20.33)
CLUBER,Sahatona,HIER,Madagascar,47.1,-20.96,Unknown,2017-07-01,0,POINT (47.1 -20.96)
CLUBER,Tolongoina,SM3E,Madagascar,47.51,-21.55,Operating,2016-07-01,0,POINT (47.51 -21.55)
CLUBER,Bealalana,Unkonwn,Madagascar,48.75,-14.55,Unknown,2017-07-01,0,POINT (48.75 -14.55)
CLUBER,Amboanaivo,Association Angovo Soan'Androy,Madagascar,45.56,-25.13,Operating,2016-07-01,0,POINT (45.56 -25.13)
CLUBER,Beanantara,Association Fihamy,Madagascar,46.23,-25.05,Operating,2016-07-01,0,POINT (46.23 -25.05)
CLUBER,Maroalimainty,Association TELORAE TEA FAHAZAVAGNE,Madagascar,46.2,-25.16,Operating,2016-07-01,0,POINT (46.2 -25.16)
CLUBER,Marovato,Association Angovo Soan'Androy,Madagascar,45.74,-25.31,Operating,2016-07-01,0,POINT (45.74 -25.31)
CLUBER,Ifotaka,Entreprise TOKY Construction,Madagascar,46.13,-24.81,Operating,2015-07-01,0,POINT (46.13 -24.81)
CLUBER,Tanandava,Entreprise TOKY Construction,Madagascar,46.46,-25.13,Operating,2016-07-01,0,POINT (46.46 -25.13)
CLUBER,Mahatalaky,Entreprise TOKY Construction,Madagascar,47.08,-24.83,Operating,2015-07-01,0,POINT (47.08 -24.83)
CLUBER,Ankilizato,HIER,Madagascar,45.04,-20.41,Operating,2015-07-01,0,POINT (45.04 -20.41)
CLUBER,IhanakataneII / Commune de Talataye,Unkonwn,Mali,1.21,16.28,Unknown,2017-07-01,0,POINT (1.21 16.28)
CLUBER,Tabango / Commune de Bara,Unkonwn,Mali,0.46,15.73,Unknown,2017-07-01,0,POINT (0.46 15.73)
CLUBER,Ikarbaganene II / Commune de Tilemsi,NL,Mali,0.976,17.0247,Unknown,2017-07-01,0,POINT (0.976 17.0247)
CLUBER,Menaka,ETM,Mali,2.39,15.91,Unknown,2018-07-01,0,POINT (2.39 15.91)
CLUBER,Guindinta / Commune de Diakon,KAMA,Mali,-10.32,14.45,Operating,2015-07-01,0,POINT (-10.32 14.45)
CLUBER,Loumbama / Commune de Diakon,KAMA,Mali,-10.23,14.38,Unknown,2017-07-01,0,POINT (-10.23 14.38)
CLUBER,Trentoumou / Commune de Diakon,KAMA,Mali,-10.19,14.47,Unknown,2017-07-01,0,POINT (-10.19 14.47)
CLUBER,Farabougou / Commune de camara,sans opérateur,Mali,-7.75,13.58,Unknown,2017-07-01,0,POINT (-7.75 13.58)
CLUBER,Ambidédikoré / Commune de Kaffo,KURUMBA,Mali,-11.79,14.58,Unknown,2017-07-01,0,POINT (-11.79 14.58)
CLUBER,Aourou / Commune de Djelebou,GIE KAKERIFO,Mali,-11.58,14.97,Unknown,2017-07-01,0,POINT (-11.58 14.97)
CLUBER,Bongourou / Commune de Liberte Dembaya,sans opérateur,Mali,-11.51,14.48,Unknown,2017-07-01,0,POINT (-11.51 14.48)
CLUBER,Gakoura / Commune de Kafo,KURUMBA,Mali,-11.97,14.65,Unknown,2017-07-01,0,POINT (-11.97 14.65)
CLUBER,Sansangué / Commune de Guidimakan Kéry Kafo,NL,Mali,-11.96,14.78,Unknown,2017-07-01,0,POINT (-11.96 14.78)
CLUBER,Troun / Commune de Sero Diamanou,sans opérateur,Mali,-11.11,14.8,Unknown,2017-07-01,0,POINT (-11.11 14.8)
CLUBER,Falea / Commune de Falea,NL,Mali,-11.27,12.26,Unknown,2017-07-01,0,POINT (-11.27 12.26)
CLUBER,Dialaya / Commune de Bendougouba,sans opérateur,Mali,-9.42,13.01,Unknown,2017-07-01,0,POINT (-9.42 13.01)
CLUBER,Gavinane / Commune de Gavinane,Unkonwn,Mali,-9.88,15.13,Unknown,2017-07-01,0,POINT (-9.88 15.13)
CLUBER,Kouroukere / Commune de Yerere,NL,Mali,-9.48,15.42,Unknown,2017-07-01,0,POINT (-9.48 15.42)
CLUBER,Saourane,MOHACOM,Mali,-10.81,14.32,Operating,2014-07-01,0,POINT (-10.81 14.32)
CLUBER,Dialaka / Commune de Tringa,SSD Kuraye Kurumba,Mali,-10.8,14.63,Unknown,2017-07-01,0,POINT (-10.8 14.63)
CLUBER,Kodié / Commune de Guidime,SSD Kuraye Kurumba,Mali,-10.53,15.2,Unknown,2017-07-01,0,POINT (-10.53 15.2)
CLUBER,Sambaga / Commune de Diafounou Gory,SSD Kuraye Kurumba,Mali,-10.66,15.11,Unknown,2017-07-01,0,POINT (-10.66 15.11)
CLUBER,Sambakanou / Commune de Gory,SSD Kuraye Kurumba,Mali,-10.7,15.11,Unknown,2017-07-01,0,POINT (-10.7 15.11)
CLUBER,Batama,GIE KALAOU-MOULINE,Mali,-11.16,13.06,Unknown,2018-07-01,0,POINT (-11.16 13.06)
CLUBER,Diankounté,KAGNELA,Mali,-9.8459,13.0142,Unknown,2018-07-01,0,POINT (-9.8459 13.0142)
CLUBER,Digokory,ARLF,Mali,-12.0,14.67,Unknown,2018-07-01,0,POINT (-12 14.67)
CLUBER,Djédigui Kassé,KAMA,Mali,-10.29,14.47,Operating,2015-07-01,0,POINT (-10.29 14.47)
CLUBER,Djidjan,SOGEP,Mali,-9.45,13.2,Unknown,2018-07-01,0,POINT (-9.45 13.2)
CLUBER,Djoumara,BECI,Mali,-8.56,14.54,Unknown,2018-07-01,0,POINT (-8.56 14.54)
CLUBER,Dogofiry,SSD KK,Mali,-10.93,15.01,Unknown,2018-07-01,0,POINT (-10.93 15.01)
CLUBER,Doualé,KAMA,Mali,-10.31,14.45,Operating,2015-07-01,0,POINT (-10.31 14.45)
CLUBER,Gagny,SSD KK,Mali,-11.68,14.59,Unknown,2018-07-01,0,POINT (-11.68 14.59)
CLUBER,Gakoura,SSD KK,Mali,-11.97,14.65,Unknown,2018-07-01,0,POINT (-11.97 14.65)
CLUBER,Gory,SSD KK,Mali,-10.75,15.11,Unknown,2018-07-01,0,POINT (-10.75 15.11)
CLUBER,Gouméra,BLUE SKY,Mali,-11.3,14.55,Unknown,2018-07-01,0,POINT (-11.3 14.55)
CLUBER,Kabou,ARLF,Mali,-3.44,15.52,Unknown,2018-07-01,0,POINT (-3.44 15.52)
CLUBER,Kakoulou,GIE DJEYASSO,Mali,-5.64,13.48,Unknown,2018-07-01,0,POINT (-5.64 13.48)
CLUBER,Kalaou,GIE KALAOU-MOULINE,Mali,-10.98,14.53,Unknown,2018-07-01,0,POINT (-10.98 14.53)
CLUBER,Kandia,KAMA,Mali,-11.04,14.76,Operating,2015-07-01,0,POINT (-11.04 14.76)
CLUBER,Kembé,KAMA,Mali,-10.46,14.5,Unknown,2018-07-01,0,POINT (-10.46 14.5)
CLUBER,Kembélé,KAMA,Mali,-10.22,14.42,Unknown,2018-07-01,0,POINT (-10.22 14.42)
CLUBER,Kersignagné Diafounou,SSD KK,Mali,-10.87,15.07,Unknown,2018-07-01,0,POINT (-10.87 15.07)
CLUBER,Kersignagné Kaniaga,SSD KK,Mali,-10.98,14.99,Unknown,2018-07-01,0,POINT (-10.98 14.99)
CLUBER,Kirané,SSD KK,Mali,-10.23,15.41,Unknown,2018-07-01,0,POINT (-10.23 15.41)
CLUBER,Kokofata,SABOU,Mali,-9.94,12.88,Unknown,2018-07-01,0,POINT (-9.94 12.88)
CLUBER,Kouri,KAMA,Mali,-10.36,14.22,Unknown,2018-07-01,0,POINT (-10.36 14.22)
CLUBER,Kourounidifing,KAMA,Mali,-10.55,14.5,Operating,2015-07-01,0,POINT (-10.55 14.5)
CLUBER,Kourounikoto,SOGEP,Mali,-10.4,12.6,Unknown,2018-07-01,0,POINT (-10.4 12.6)
CLUBER,Lambidou,ABIS DISTRIBUTION,Mali,-9.56,14.31,Unknown,2018-07-01,0,POINT (-9.56 14.31)
CLUBER,Madiga Sacko,KAMA,Mali,-9.3,14.35,Unknown,2018-07-01,0,POINT (-9.3 14.35)
CLUBER,Madina,KAMA,Mali,-8.86,13.4,Operating,2015-07-01,0,POINT (-8.86 13.4)
CLUBER,Mélo,BLUE SKY,Mali,-11.02,14.78,Unknown,2018-07-01,0,POINT (-11.02 14.78)
CLUBER,Sagabary,EGEC,Mali,-9.8,12.58,Unknown,2018-07-01,0,POINT (-9.8 12.58)
CLUBER,Sélinkégni,MOHA-COM,Mali,-10.78,14.09,Unknown,2018-07-01,0,POINT (-10.78 14.09)
CLUBER,Séro,BLUE SKY,Mali,-11.06,14.8,Unknown,2018-07-01,0,POINT (-11.06 14.8)
CLUBER,Soboukou,ARLF,Mali,-11.98,14.66,Unknown,2018-07-01,0,POINT (-11.98 14.66)
CLUBER,Tambaga,ESE2,Mali,-9.22,15.29,Unknown,2018-07-01,0,POINT (-9.22 15.29)
CLUBER,Tigana,MOHACOM,Mali,-10.76,14.26,Operating,2014-07-01,0,POINT (-10.76 14.26)
CLUBER,Toukoto,Unkonwn,Mali,-9.88,13.44,Unknown,2018-07-01,0,POINT (-9.88 13.44)
CLUBER,Troungoumbé,BMB,Mali,-9.23,15.26,Unknown,2018-07-01,0,POINT (-9.23 15.26)
CLUBER,Yaguiné-Sambakanou,SSD KK,Mali,-10.72,15.13,Unknown,2018-07-01,0,POINT (-10.72 15.13)
CLUBER,Essouk / Commune de Essouk,Comité local,Mali,2.34,18.83,Unknown,2017-07-01,0,POINT (2.34 18.83)
CLUBER,Adjelhock / Commune de Tessalit,NL,Mali,0.85,19.46,Unknown,2017-07-01,0,POINT (0.85 19.46)
CLUBER,Kiban / Commune de Kiban,Unkonwn,Mali,-7.35,13.57,Unknown,2017-07-01,0,POINT (-7.35 13.57)
CLUBER,Béléko Soba / Commune de Diedougou,NL,Mali,-6.4,12.47,Unknown,2017-07-01,0,POINT (-6.4 12.47)
CLUBER,Déguéla / Commune de Minidian,NL,Mali,-8.39,11.98,Unknown,2017-07-01,0,POINT (-8.39 11.98)
CLUBER,Kafara / Commune de Ouellessobougou,SAFEELEC,Mali,-7.8,12.13,Unknown,2017-07-01,0,POINT (-7.8 12.13)
CLUBER,Kéniéroba / Commune de Bancoumana,NL,Mali,-8.33,12.1,Unknown,2017-07-01,0,POINT (-8.33 12.1)
CLUBER,N'Tjiba,ACCESS,Mali,-7.36,12.31,Operating,2017-07-01,0,POINT (-7.36 12.31)
CLUBER,Néguéla / Commune de Bossofala,NL,Mali,-6.5,11.26,Unknown,2017-07-01,0,POINT (-6.5 11.26)
CLUBER,Sougoula / Commune de Ouellessobougou,SAFEELEC,Mali,-7.77,12.08,Unknown,2017-07-01,0,POINT (-7.77 12.08)
CLUBER,Tiélé / Commune de Tiele,NL,Mali,-7.57,12.3,Unknown,2017-07-01,0,POINT (-7.57 12.3)
CLUBER,Yelekebougou / Commune de Yelekebougou,NL,Mali,-8.03,12.96,Unknown,2017-07-01,0,POINT (-8.03 12.96)
CLUBER,Ouolodo / Commune de Oulodo,NL,Mali,-7.92,13.19,Unknown,2017-07-01,0,POINT (-7.92 13.19)
CLUBER,Tioribougou / Commune de Tioribougou,NL,Mali,-7.98,13.37,Unknown,2017-07-01,0,POINT (-7.98 13.37)
CLUBER,Tioribougou / Commune de Tioribougou,NL,Mali,-7.98,13.37,Unknown,2017-07-01,0,POINT (-7.98 13.37)
CLUBER,Doumba / Commune de Doumba,NL,Mali,-7.61,13.02,Unknown,2017-07-01,0,POINT (-7.61 13.02)
CLUBER,Sirakorola-Ouest / Commune de Sirakorola,NL,Mali,-7.56,13.28,Unknown,2017-07-01,0,POINT (-7.56 13.28)
CLUBER,Balle / Commune de Dogofry,Unkonwn,Mali,-8.58,15.33,Unknown,2017-07-01,0,POINT (-8.58 15.33)
CLUBER,Dilly / Commune de Dilly,Unkonwn,Mali,-7.66,14.99,Unknown,2017-07-01,0,POINT (-7.66 14.99)
CLUBER,Guire / Commune de Guire,NL,Mali,-6.69,14.64,Unknown,2017-07-01,0,POINT (-6.69 14.64)
CLUBER,Bancoumana,ACCESS sarl,Mali,-8.26,12.2,Operating,2015-07-01,0,POINT (-8.26 12.2)
CLUBER,Digan,SAFELEC,Mali,-6.8,10.86,Unknown,2018-07-01,0,POINT (-6.8 10.86)
CLUBER,Kéla,YIRIIMEX,Mali,-8.45,11.89,Unknown,2018-07-01,0,POINT (-8.45 11.89)
CLUBER,Korokoto,KNEM,Mali,-10.08,12.58,Unknown,2018-07-01,0,POINT (-10.08 12.58)
CLUBER,Kourémalé,SPE,Mali,-8.78,11.95,Operating,2015-07-01,0,POINT (-8.78 11.95)
CLUBER,Sanankoro Djitoumou,SAFEELEC,Mali,-6.6,10.83,Unknown,2018-07-01,0,POINT (-6.6 10.83)
CLUBER,Tinkélé,SAFEELEC,Mali,-7.96,11.89,Unknown,2018-07-01,0,POINT (-7.96 11.89)
CLUBER,Konio / Commune de Dandougou- Fakala,NL,Mali,-4.47,13.68,Unknown,2017-07-01,0,POINT (-4.47 13.68)
CLUBER,Kouakourou / Commune de Kewa,NL,Mali,-4.49,14.22,Unknown,2017-07-01,0,POINT (-4.49 14.22)
CLUBER,Madiama / Commune de Madiama,NL,Mali,-4.39,13.79,Unknown,2017-07-01,0,POINT (-4.39 13.79)
CLUBER,Soha / Commune de Nema-badenyakafo,Unkonwn,Mali,-4.71,13.87,Unknown,2017-07-01,0,POINT (-4.71 13.87)
CLUBER,Somadougou / Commune de Sio,NL,Mali,-4.06,14.28,Unknown,2017-07-01,0,POINT (-4.06 14.28)
CLUBER,Boré / Commune de Dangol-Boré,NL,Mali,-3.48,15.13,Unknown,2017-07-01,0,POINT (-3.48 15.13)
CLUBER,Hombori / Commune de Hombori,Unkonwn,Mali,-1.7,15.28,Unknown,2017-07-01,0,POINT (-1.7 15.28)
CLUBER,Hamdallaye / Commune de Sio,sans opérateur,Mali,-4.09,14.33,Unknown,2017-07-01,0,POINT (-4.09 14.33)
CLUBER,Soufourlaye / Commune de Sio,NL,Mali,-4.08,14.41,Unknown,2017-07-01,0,POINT (-4.08 14.41)
CLUBER,Dioura / Commune de Kareri,NL,Mali,-5.22,14.88,Unknown,2017-07-01,0,POINT (-5.22 14.88)
CLUBER,Toguere Coumbé / Commune de Toguere Coumbé,NL,Mali,-4.59,14.91,Unknown,2017-07-01,0,POINT (-4.59 14.91)
CLUBER,Nouh Peulh / Commune de Diafarabe,sans opérateur,Mali,-4.98,14.14,Unknown,2017-07-01,0,POINT (-4.98 14.14)
CLUBER,Boni,EGI,Mali,-2.22,15.07,Unknown,2018-07-01,0,POINT (-2.22 15.07)
CLUBER,Dia,SEER,Mali,-4.95,14.35,Unknown,2018-07-01,0,POINT (-4.95 14.35)
CLUBER,Dinagourou,KAMA,Mali,-2.24,14.44,Unknown,2018-07-01,0,POINT (-2.24 14.44)
CLUBER,Douary,KAMA,Mali,-2.3,14.53,Unknown,2018-07-01,0,POINT (-2.3 14.53)
CLUBER,Téné,FASO TRAVAUX,Mali,-4.8,13.33,Unknown,2018-07-01,0,POINT (-4.8 13.33)
CLUBER,Fangasso / Commune de Fangasso,NL,Mali,-4.64,13.33,Unknown,2017-07-01,0,POINT (-4.64 13.33)
CLUBER,Tamani / Commune de Tamani,NL,Mali,-6.83,13.33,Unknown,2017-07-01,0,POINT (-6.83 13.33)
CLUBER,Diaramana / Commune de Diaramana,Unkonwn,Mali,-5.41,12.84,Unknown,2017-07-01,0,POINT (-5.41 12.84)
CLUBER,Dougouolo / Commune de Dougouolo,NL,Mali,-5.56,12.92,Unknown,2017-07-01,0,POINT (-5.56 12.92)
CLUBER,Bertha / Commune de Saloba,Unkonwn,Mali,-5.19,13.72,Unknown,2018-07-01,0,POINT (-5.19 13.72)
CLUBER,Boubamorybougou / Commune de Sana,Unkonwn,Mali,-5.08,13.82,Unknown,2018-07-01,0,POINT (-5.08 13.82)
CLUBER,Diago / Commune de Sana,Unkonwn,Mali,-8.15,12.77,Unknown,2018-07-01,0,POINT (-8.15 12.77)
CLUBER,Diffoula / Commune de Saloba,Unkonwn,Mali,-5.24,13.68,Unknown,2018-07-01,0,POINT (-5.24 13.68)
CLUBER,Dionbougouba / Commune de Saloba,Unkonwn,Mali,-5.21,13.71,Unknown,2018-07-01,0,POINT (-5.21 13.71)
CLUBER,Dionbougoura / Commune de Saloba,Unkonwn,Mali,-5.24,13.69,Unknown,2018-07-01,0,POINT (-5.24 13.69)
CLUBER,Kakan / Commune de Saloba,Unkonwn,Mali,-5.54,13.92,Unknown,2018-07-01,0,POINT (-5.54 13.92)
CLUBER,Kallala Bambara / Commune de Sana,Unkonwn,Mali,-5.11,13.76,Unknown,2018-07-01,0,POINT (-5.11 13.76)
CLUBER,Kallala Peulh / Commune de Sana,Unkonwn,Mali,-5.11,13.77,Unknown,2018-07-01,0,POINT (-5.11 13.77)
CLUBER,Kerta / Commune de Sana,Unkonwn,Mali,-5.0,13.77,Unknown,2018-07-01,0,POINT (-5 13.77)
CLUBER,Kienkourou / Commune de Sana,Unkonwn,Mali,-5.03,13.81,Unknown,2018-07-01,0,POINT (-5.03 13.81)
CLUBER,Kougodiani / Commune de Sana,Unkonwn,Mali,-5.01,13.8,Unknown,2018-07-01,0,POINT (-5.01 13.8)
CLUBER,Mangoni / Commune de Saloba,Unkonwn,Mali,-5.29,13.67,Unknown,2018-07-01,0,POINT (-5.29 13.67)
CLUBER,Massa Were / Commune de Saloba,Unkonwn,Mali,-5.29,13.66,Unknown,2018-07-01,0,POINT (-5.29 13.66)
CLUBER,Matomo / Commune de Matomo,NL,Mali,-4.9667,13.85,Unknown,2017-07-01,0,POINT (-4.9667 13.85)
CLUBER,Missena / Commune de Saloba,Unkonwn,Mali,-5.27,13.7,Unknown,2018-07-01,0,POINT (-5.27 13.7)
CLUBER,Motomo / Commune de Sana,Unkonwn,Mali,-4.97,13.64,Unknown,2018-07-01,0,POINT (-4.97 13.64)
CLUBER,Niantilela / Commune de Saloba,Unkonwn,Mali,-5.25,13.71,Unknown,2018-07-01,0,POINT (-5.25 13.71)
CLUBER,Ouan Marka / Commune de Saloba,Unkonwn,Mali,-5.27,13.69,Unknown,2018-07-01,0,POINT (-5.27 13.69)
CLUBER,Sarro / Commune de Saloba,Unkonwn,Mali,-5.23,13.72,Unknown,2017-07-01,0,POINT (-5.23 13.72)
CLUBER,Sarro / Commune de Saloba,Unkonwn,Mali,-5.24,13.72,Unknown,2018-07-01,0,POINT (-5.24 13.72)
CLUBER,Saye / Commune de Sana,Unkonwn,Mali,-5.0,13.82,Unknown,2018-07-01,0,POINT (-5 13.82)
CLUBER,Sellen / Commune de Saloba,Unkonwn,Mali,-5.21,13.69,Unknown,2018-07-01,0,POINT (-5.21 13.69)
CLUBER,Sewere / Commune de Sana,Unkonwn,Mali,-4.99,13.81,Unknown,2018-07-01,0,POINT (-4.99 13.81)
CLUBER,Tlengolola / Commune de Sana,Unkonwn,Mali,-5.05,13.81,Unknown,2018-07-01,0,POINT (-5.05 13.81)
CLUBER,Toumabougou / Commune de Saloba,Unkonwn,Mali,-5.23,13.69,Unknown,2018-07-01,0,POINT (-5.23 13.69)
CLUBER,Diambé / Commune de Diabaly,NL,Mali,-5.9,14.62,Unknown,2017-07-01,0,POINT (-5.9 14.62)
CLUBER,Dinso / Commune de N'Goa,NL,Mali,-8.08,10.46,Unknown,2017-07-01,0,POINT (-8.08 10.46)
CLUBER,Mandiakuy / Commune de Mandiakuy,NL,Mali,-4.46,13.01,Unknown,2017-07-01,0,POINT (-4.46 13.01)
CLUBER,Sy / Commune de Sy,NL,Mali,-4.97,13.6,Unknown,2017-07-01,0,POINT (-4.97 13.6)
CLUBER,Cinzana / Commune de Cinzana,SDD,Mali,-5.96,13.26,Unknown,2017-07-01,0,POINT (-5.96 13.26)
CLUBER,Dougoukouna / Commune de Sebougou,SDD,Mali,-6.37,13.37,Unknown,2017-07-01,0,POINT (-6.37 13.37)
CLUBER,Koula / Commune de Koula,NL,Mali,-7.65,13.11,Unknown,2017-07-01,0,POINT (-7.65 13.11)
CLUBER,Boidié,GIE FITINE,Mali,-6.87,13.12,Unknown,2018-07-01,0,POINT (-6.87 13.12)
CLUBER,Dioro,EPRODED,Mali,-6.5,12.83,Unknown,2018-07-01,0,POINT (-6.5 12.83)
CLUBER,Farakala,SEECO,Mali,-5.35,12.91,Unknown,2018-07-01,0,POINT (-5.35 12.91)
CLUBER,Kamba,GIE FITINE,Mali,-2.98,12.63,Unknown,2018-07-01,0,POINT (-2.98 12.63)
CLUBER,Sokolo,SEECO,Mali,-6.11,14.73,Unknown,2018-07-01,0,POINT (-6.11 14.73)
CLUBER,Ténéni,SEECO,Mali,-4.79,13.33,Operating,2015-07-01,0,POINT (-4.79 13.33)
CLUBER,Touna,SEECO,Mali,-5.83,13.11,Unknown,2018-07-01,0,POINT (-5.83 13.11)
CLUBER,Yangasso,SEECO,Mali,-5.32,13.06,Unknown,2018-07-01,0,POINT (-5.32 13.06)
CLUBER,Koualé / Commune de Koumantou,sans opérateur,Mali,-7.01,11.4,Unknown,2017-07-01,0,POINT (-7.01 11.4)
CLUBER,SANSO / Commune de SANSO,SSD YELEN KURA,Mali,-6.84,11.71,Unknown,2017-07-01,0,POINT (-6.84 11.71)
CLUBER,Sido / Commune de Sido,sans opérateur,Mali,-7.6,11.67,Unknown,2017-07-01,0,POINT (-7.6 11.67)
CLUBER,Denié,ACCESS,Mali,-6.4344,11.54,Unknown,2018-07-01,0,POINT (-6.4344 11.54)
CLUBER,FIZANKORO / Commune de KONSEGUELA,SSD YELEN KURA,Mali,-5.76,12.39,Unknown,2017-07-01,0,POINT (-5.76 12.39)
CLUBER,GOUANTIESSO / Commune de M'PESSOBA,SSD YELEN KURA,Mali,-5.56,12.73,Unknown,2017-07-01,0,POINT (-5.56 12.73)
CLUBER,KINTIERI / Commune de M'PESSOBA,SSD YELEN KURA,Mali,-5.71,12.73,Unknown,2017-07-01,0,POINT (-5.71 12.73)
CLUBER,Dembéla / Commune de Dembela,sans opérateur,Mali,-6.36,11.73,Unknown,2017-07-01,0,POINT (-6.36 11.73)
CLUBER,Missirikoro / Commune de Missirikoro,sans opérateur,Mali,-5.75,11.26,Unknown,2017-07-01,0,POINT (-5.75 11.26)
CLUBER,N'kourala / Commune de Kapolondougou,ACCESS,Mali,-6.1,11.35,Unknown,2017-07-01,0,POINT (-6.1 11.35)
CLUBER,Samogossoni / Commune de Diomatene,sans opérateur,Mali,-5.62,11.39,Unknown,2017-07-01,0,POINT (-5.62 11.39)
CLUBER,Sirakoro / Commune de Yiridougou,ESE2,Mali,-9.22,12.68,Unknown,2017-07-01,0,POINT (-9.22 12.68)
CLUBER,Ouassada / Commune de Wassoulou-bale,sans opérateur,Mali,-8.05,11.05,Unknown,2017-07-01,0,POINT (-8.05 11.05)
CLUBER,N'GOROLA / Commune de KOURY,SSD YELEN KURA,Mali,-4.72,12.26,Unknown,2017-07-01,0,POINT (-4.72 12.26)
CLUBER,TANDIO / Commune de KOURY,SSD YELEN KURA,Mali,-4.95,12.16,Unknown,2017-07-01,0,POINT (-4.95 12.16)
CLUBER,Faragouara,ACCESS,Mali,-7.77,11.31,Unknown,2018-07-01,0,POINT (-7.77 11.31)
CLUBER,Foulalaba,ACCESS,Mali,-7.36,10.68,Unknown,2018-07-01,0,POINT (-7.36 10.68)
CLUBER,Goualala,ACCESS,Mali,-8.23,11.21,Unknown,2018-07-01,0,POINT (-8.23 11.21)
CLUBER,Kébila,ACCESS sarl,Mali,-7.04,11.27,Operating,2014-07-01,0,POINT (-7.04 11.27)
CLUBER,Koloni,ACCESS,Mali,-7.48,12.04,Unknown,2018-07-01,0,POINT (-7.48 12.04)
CLUBER,Lobougoula,EAT,Mali,-5.98,11.04,Unknown,2018-07-01,0,POINT (-5.98 11.04)
CLUBER,Madina Kouroulamini,ACCESS,Mali,-7.78,10.31,Unknown,2018-07-01,0,POINT (-7.78 10.31)
CLUBER,Manankoro,ACCESS sarl,Mali,-7.44,10.45,Operating,2014-07-01,0,POINT (-7.44 10.45)
CLUBER,N'Goko,COGEACOM,Mali,-6.04,10.4,Unknown,2018-07-01,0,POINT (-6.04 10.4)
CLUBER,Zantiebougou,ACCESS sarl,Mali,-7.25,11.38,Operating,2014-07-01,0,POINT (-7.25 11.38)
CLUBER,Bourem sidi amar / Commune de Bourem sidi,NL,Mali,-0.299,17.66,Unknown,2017-07-01,0,POINT (-0.299 17.66)
CLUBER,Atta / Commune de Tonka,sans opérateur,Mali,-3.7,16.19,Unknown,2017-07-01,0,POINT (-3.7 16.19)
CLUBER,Bintagoungou / Commune de Bintagoungou,MairieBintagoungou,Mali,-3.73,16.73,Unknown,2017-07-01,0,POINT (-3.73 16.73)
CLUBER,Douékiré / Commune de Douekire,EMC,Mali,-3.37,16.57,Unknown,2017-07-01,0,POINT (-3.37 16.57)
CLUBER,M'Bouna / Commune de M'Bouna,ALBARKAYERKOYE,Mali,-3.97,16.68,Unknown,2017-07-01,0,POINT (-3.97 16.68)
CLUBER,Meykoré / Commune de Tonka,EMC,Mali,-3.72,16.27,Unknown,2017-07-01,0,POINT (-3.72 16.27)
CLUBER,Toukabangou / Commune de Issa Bery,sans opérateur,Mali,-3.78,16.72,Unknown,2017-07-01,0,POINT (-3.78 16.72)
CLUBER,Yourmi / Commune de Tonka,sans opérateur,Mali,-3.83,16.16,Unknown,2017-07-01,0,POINT (-3.83 16.16)
CLUBER,Bambaramaoude / Commune de Bambaramaoude,NL,Mali,-2.78,15.84,Unknown,2017-07-01,0,POINT (-2.78 15.84)
CLUBER,Gossi,Gourma construction,Mali,-1.3,15.82,Unknown,2018-07-01,0,POINT (-1.3 15.82)
CLUBER,Lere,Enord,Mali,-4.9,15.71,Unknown,2018-07-01,0,POINT (-4.9 15.71)
CLUBER,Sangafé / Commune de Diakon,KAMA,Mali,-10.36,14.6,Unknown,2017-07-01,0,POINT (-10.36 14.6)
CLUBER,Atar,SOMELEC,Mauritania,-13.053,20.5073,Unknown,2017-07-01,0,POINT (-13.053 20.5073)
CLUBER,Aleg,SOMELEC,Mauritania,-13.9167,17.05,Unknown,2017-07-01,0,POINT (-13.9167 17.05)
CLUBER,Adel Bagrou,APAUS,Mauritania,-7.023,15.6753,Unknown,2017-07-01,0,POINT (-7.023 15.6753)
CLUBER,Néma,APAUS,Mauritania,-7.25,16.6167,Unknown,2017-07-01,0,POINT (-7.25 16.6167)
CLUBER,Tidjikja,SOMELEC,Mauritania,-11.5248,18.6414,Unknown,2017-07-01,0,POINT (-11.5248 18.6414)
CLUBER,Aftout,IBD,Mauritania,-12.621,16.711,Unknown,2016-07-01,0,POINT (-12.621 16.711)
CLUBER,Bellewakh,APAUS,Mauritania,-16.0722,18.5181,Unknown,2016-07-01,100,POINT (-16.0722 18.5181)
CLUBER,Birette,Unkonwn,Mauritania,-15.8127,16.5122,Operating,2016-07-01,0,POINT (-15.8127 16.5122)
CLUBER,Chami,Unkonwn,Mauritania,-15.9674,20.0508,Operating,2014-07-01,0,POINT (-15.9674 20.0508)
CLUBER,Dhar,Unkonwn,Mauritania,-12.8055,19.8652,Unknown,2016-07-01,0,POINT (-12.8055 19.8652)
CLUBER,El Ghediya,Unkonwn,Mauritania,-11.4858,17.7839,Unknown,2015-07-01,0,POINT (-11.4858 17.7839)
CLUBER,Kiffa,AFD / UE,Mauritania,-11.4011,16.5427,Operating,2016-07-01,0,POINT (-11.4011 16.5427)
CLUBER,Kser Torchane,Unkonwn,Mauritania,-13.0167,20.6997,Unknown,2015-07-01,0,POINT (-13.0167 20.6997)
CLUBER,Lemcid,APAUS,Mauritania,-16.1375,18.6881,Unknown,2016-07-01,40,POINT (-16.1375 18.6881)
CLUBER,Lemhaijratt,APAUS,Mauritania,-16.2322,19.0314,Unknown,2016-07-01,230,POINT (-16.2322 19.0314)
CLUBER,N’Diago-Ebden,Unkonwn,Mauritania,-16.5075,16.1669,Operating,2015-07-01,0,POINT (-16.5075 16.1669)
CLUBER,Termessa,Unkonwn,Mauritania,-8.8908,16.0639,Operating,2014-07-01,0,POINT (-8.8908 16.0639)
CLUBER,Tidjikja,Unkonwn,Mauritania,-11.5248,18.6414,Unknown,2016-07-01,0,POINT (-11.5248 18.6414)
CLUBER,Tiwillit,APAUS,Mauritania,-16.1728,18.8719,Unknown,2016-07-01,60,POINT (-16.1728 18.8719)
CLUBER,Zouerate,SNIM,Mauritania,-12.4753,22.7325,Unknown,2016-07-01,0,POINT (-12.4753 22.7325)
CLUBER,Bokki Saboundou,PNUD,Senegal,-12.8835,14.6185,Unknown,2015-07-01,0,POINT (-12.8835 14.6185)
CLUBER,Banipelly,PNUD,Senegal,-12.4527,14.2876,Unknown,2015-07-01,0,POINT (-12.4527 14.2876)
CLUBER,Débikholé 695,Unkonwn,Senegal,-12.1495,14.6367,Unknown,2015-07-01,0,POINT (-12.1495 14.6367)
CLUBER,Hamadji 1168,PNUD,Senegal,-12.2277,14.6112,Unknown,2015-07-01,0,POINT (-12.2277 14.6112)
CLUBER,Laminia,Unkonwn,Senegal,-12.1102,12.6399,Unknown,2015-07-01,0,POINT (-12.1102 12.6399)
CLUBER,landébaytil,PNUD,Senegal,-12.4019,12.5572,Unknown,2015-07-01,0,POINT (-12.4019 12.5572)
CLUBER,Samécouta,Unkonwn,Senegal,-12.1322,12.6052,Unknown,2015-07-01,0,POINT (-12.1322 12.6052)
CLUBER,Syllacounda,PNUD,Senegal,-12.3793,12.5968,Unknown,2015-07-01,0,POINT (-12.3793 12.5968)
CLUBER,Boutougoufara,PNUD,Senegal,-12.4833,13.4,Unknown,2015-07-01,0,POINT (-12.4833 13.4)
CLUBER,Dalafing,PNUD,Senegal,-12.4015,13.6593,Unknown,2015-07-01,0,POINT (-12.4015 13.6593)
CLUBER,Dianke Makhan,PNUD,Senegal,-12.6583,13.6741,Unknown,2015-07-01,0,POINT (-12.6583 13.6741)
CLUBER,Goutta Cebbe,PNUD,Senegal,-12.7136,13.6182,Unknown,2015-07-01,0,POINT (-12.7136 13.6182)
CLUBER,Kayan,PNUD,Senegal,-12.3199,13.3076,Unknown,2015-07-01,0,POINT (-12.3199 13.3076)
CLUBER,KOMOTI,PNUD,Senegal,-12.9155,13.6627,Unknown,2015-07-01,0,POINT (-12.9155 13.6627)
CLUBER,Diagaly,PNUD,Senegal,-14.674,15.2752,Unknown,2015-07-01,0,POINT (-14.674 15.2752)
CLUBER,Loumbeul Lana,PNUD,Senegal,-14.7278,15.2653,Unknown,2015-07-01,0,POINT (-14.7278 15.2653)
CLUBER,Touba Samady,PNUD,Senegal,-14.7377,15.1575,Unknown,2015-07-01,0,POINT (-14.7377 15.1575)
CLUBER,Daharatou,PNUD,Senegal,-12.2623,14.5188,Unknown,2015-07-01,0,POINT (-12.2623 14.5188)
CLUBER,Dialiguel,Unkonwn,Senegal,-12.1993,14.557,Unknown,2015-07-01,0,POINT (-12.1993 14.557)
CLUBER,Diboly,PNUD,Senegal,-12.205,14.4639,Unknown,2015-07-01,0,POINT (-12.205 14.4639)
CLUBER,Guita,PNUD,Senegal,-12.2245,14.3834,Unknown,2015-07-01,0,POINT (-12.2245 14.3834)
CLUBER,Nayes,PNUD,Senegal,-12.2036,14.4182,Unknown,2015-07-01,0,POINT (-12.2036 14.4182)
CLUBER,Oubawol,PNUD,Senegal,-12.3007,14.485,Unknown,2015-07-01,0,POINT (-12.3007 14.485)
CLUBER,Ouro Sileye,PNUD,Senegal,-12.3886,14.502,Unknown,2015-07-01,0,POINT (-12.3886 14.502)
CLUBER,Sinthiou Dialiguel,PNUD,Senegal,-12.2127,14.5388,Unknown,2015-07-01,0,POINT (-12.2127 14.5388)
CLUBER,Sinthiou Diohe,PNUD,Senegal,-12.2431,14.4679,Unknown,2015-07-01,0,POINT (-12.2431 14.4679)
CLUBER,Theyéne Djoloff,PNUD,Senegal,-15.6558,15.5642,Unknown,2015-07-01,0,POINT (-15.6558 15.5642)
CLUBER,Yatti,PNUD,Senegal,-15.7069,15.5222,Unknown,2015-07-01,0,POINT (-15.7069 15.5222)
CLUBER,BOYNGUEL BAMBA,PNUD,Senegal,-12.9337,14.0919,Unknown,2015-07-01,0,POINT (-12.9337 14.0919)
CLUBER,DIEYLANI,PNUD,Senegal,-12.6938,13.911,Unknown,2015-07-01,0,POINT (-12.6938 13.911)
CLUBER,KOUDY,PNUD,Senegal,-12.7631,14.0299,Unknown,2015-07-01,0,POINT (-12.7631 14.0299)
CLUBER,Yaré,PNUD,Senegal,-14.5271,16.0349,Unknown,2015-07-01,0,POINT (-14.5271 16.0349)
CLUBER,Madiou (03),Unkonwn,Senegal,-12.0152,12.444,Unknown,2015-07-01,0,POINT (-12.0152 12.444)
CLUBER,Niagalan,Unkonwn,Senegal,-11.9832,12.4268,Unknown,2015-07-01,0,POINT (-11.9832 12.4268)
CLUBER,Secréta (03),Unkonwn,Senegal,-11.9516,12.4342,Unknown,2015-07-01,0,POINT (-11.9516 12.4342)
CLUBER,Toumania,Unkonwn,Senegal,-11.9325,12.4443,Unknown,2015-07-01,0,POINT (-11.9325 12.4443)
CLUBER,Walangkingui,Unkonwn,Senegal,-12.033,12.427,Unknown,2015-07-01,0,POINT (-12.033 12.427)
CLUBER,Sanghé,PNUD,Senegal,-15.37,15.0098,Unknown,2015-07-01,0,POINT (-15.37 15.0098)
CLUBER,Tobéne,PNUD,Senegal,-14.6528,14.0668,Unknown,2015-07-01,0,POINT (-14.6528 14.0668)
CLUBER,Kamara,PNUD,Senegal,-15.5287,15.522,Unknown,2015-07-01,0,POINT (-15.5287 15.522)
CLUBER,BAMBADINKA,PNUD,Senegal,-13.4142,13.5725,Unknown,2015-07-01,0,POINT (-13.4142 13.5725)
CLUBER,TABANDING,PNUD,Senegal,-14.3998,13.4928,Unknown,2015-07-01,0,POINT (-14.3998 13.4928)
CLUBER,GOUMBAYEL,PNUD,Senegal,-13.1725,13.6883,Unknown,2015-07-01,0,POINT (-13.1725 13.6883)
CLUBER,NOUMOUYEL,PNUD,Senegal,-13.3753,13.701,Unknown,2015-07-01,0,POINT (-13.3753 13.701)
CLUBER,THIARA,PNUD,Senegal,-13.8059,13.6039,Unknown,2015-07-01,0,POINT (-13.8059 13.6039)
CLUBER,DOULAYABE,PNUD,Senegal,-12.608,14.0958,Unknown,2015-07-01,0,POINT (-12.608 14.0958)
CLUBER,KOUSSAN,PNUD,Senegal,-12.4415,14.1304,Unknown,2015-07-01,0,POINT (-12.4415 14.1304)
CLUBER,SINTHIOU DEMBA (Sinthiou Moussa),PNUD,Senegal,-12.7491,14.1564,Unknown,2015-07-01,0,POINT (-12.7491 14.1564)
CLUBER,Badagore,PNUD,Senegal,-14.5164,15.7764,Unknown,2015-07-01,0,POINT (-14.5164 15.7764)
CLUBER,Lougeré Thioly,PNUD,Senegal,-14.6249,15.5647,Unknown,2015-07-01,0,POINT (-14.6249 15.5647)
CLUBER,Ndiayéne séno,PNUD,Senegal,-14.4119,15.6204,Unknown,2015-07-01,0,POINT (-14.4119 15.6204)
CLUBER,LALLI,Unkonwn,Senegal,-12.1643,14.1126,Unknown,2015-07-01,0,POINT (-12.1643 14.1126)
CLUBER,MEDINA FOULBE,Unkonwn,Senegal,-12.081,13.8524,Unknown,2015-07-01,0,POINT (-12.081 13.8524)
CLUBER,Barocounda,PNUD,Senegal,-14.0957,13.6715,Unknown,2015-07-01,0,POINT (-14.0957 13.6715)
CLUBER,Fadiyacounda,PNUD,Senegal,-14.1588,13.6547,Unknown,2015-07-01,0,POINT (-14.1588 13.6547)
CLUBER,Maka cissé,PNUD,Senegal,-14.3152,13.5448,Unknown,2015-07-01,0,POINT (-14.3152 13.5448)
CLUBER,Sao Soucouta,PNUD,Senegal,-14.3593,13.586,Unknown,2015-07-01,0,POINT (-14.3593 13.586)
CLUBER,Tabanding,PNUD,Senegal,-14.3998,13.4928,Unknown,2015-07-01,0,POINT (-14.3998 13.4928)
CLUBER,Guirounasse,PNUD,Senegal,-14.1767,15.7637,Unknown,2015-07-01,0,POINT (-14.1767 15.7637)
CLUBER,Mbaye Hawa,PNUD,Senegal,-15.5571,15.7701,Unknown,2015-07-01,0,POINT (-15.5571 15.7701)
CLUBER,Négué Mbeyenne,PNUD,Senegal,-15.5862,15.698,Unknown,2015-07-01,0,POINT (-15.5862 15.698)
CLUBER,Nawré,PNUD,Senegal,-14.444,15.0517,Unknown,2015-07-01,0,POINT (-14.444 15.0517)
CLUBER,Patoulane Wolof,PNUD,Senegal,-14.6072,14.1243,Unknown,2015-07-01,0,POINT (-14.6072 14.1243)
CLUBER,Laminia,Unkonwn,Senegal,-12.0277,13.6065,Unknown,2015-07-01,0,POINT (-12.0277 13.6065)
CLUBER,Medina Tracole,Unkonwn,Senegal,-12.1863,14.0423,Unknown,2015-07-01,0,POINT (-12.1863 14.0423)
CLUBER,Sansanding,PNUD,Senegal,-12.2141,13.9282,Unknown,2015-07-01,0,POINT (-12.2141 13.9282)
CLUBER,Toumboura,PNUD,Senegal,-12.2141,13.9671,Unknown,2015-07-01,0,POINT (-12.2141 13.9671)
CLUBER,SINTHIOU BOCAR ALY,PNUD,Senegal,-13.5694,14.2279,Unknown,2015-07-01,0,POINT (-13.5694 14.2279)
CLUBER,Samba Colo,PNUD,Senegal,-12.3797,14.22,Unknown,2015-07-01,0,POINT (-12.3797 14.22)
CLUBER,Seoudji,PNUD,Senegal,-12.4333,14.3176,Unknown,2015-07-01,0,POINT (-12.4333 14.3176)
CLUBER,Youpe Hamady,PNUD,Senegal,-12.3985,14.3475,Unknown,2015-07-01,0,POINT (-12.3985 14.3475)
CLUBER,DIARRE MABOUBE II,PNUD,Senegal,-12.6694,14.4959,Unknown,2015-07-01,0,POINT (-12.6694 14.4959)
CLUBER,LORIDJE,PNUD,Senegal,-12.9108,14.2272,Unknown,2015-07-01,0,POINT (-12.9108 14.2272)
CLUBER,Amady,PNUD,Senegal,-15.2767,15.7352,Unknown,2015-07-01,0,POINT (-15.2767 15.7352)
CLUBER,Téssékéré,PNUD,Senegal,-15.0655,15.8519,Unknown,2015-07-01,0,POINT (-15.0655 15.8519)
CLUBER,Widou Thiéngoly,PNUD,Senegal,-15.3276,15.9942,Unknown,2015-07-01,0,POINT (-15.3276 15.9942)
CLUBER,Khoghé,PNUD,Senegal,-15.1677,15.2903,Unknown,2015-07-01,0,POINT (-15.1677 15.2903)
CLUBER,Dolly,PNUD,Senegal,-15.1452,14.7532,Unknown,2015-07-01,0,POINT (-15.1452 14.7532)
CLUBER,Sillat,PNUD,Senegal,-14.9678,14.9681,Unknown,2015-07-01,0,POINT (-14.9678 14.9681)
CLUBER,Thiel cenntre,PNUD,Senegal,-15.0775,15.0369,Unknown,2015-07-01,0,POINT (-15.0775 15.0369)
CLUBER,Wadane Djolof,PNUD,Senegal,-14.875,14.6695,Unknown,2015-07-01,0,POINT (-14.875 14.6695)
CLUBER,Tivaoune Peul,PNUD,Senegal,-17.283,14.8076,Unknown,2015-07-01,0,POINT (-17.283 14.8076)
CLUBER,Bantako,PNUD,Senegal,-12.2357,12.7707,Unknown,2015-07-01,0,POINT (-12.2357 12.7707)
CLUBER,Niéméniké,PNUD,Senegal,-12.55,13.0167,Unknown,2015-07-01,0,POINT (-12.55 13.0167)
CLUBER,Thionkh,PNUD,Senegal,-14.7441,14.6309,Unknown,2015-07-01,0,POINT (-14.7441 14.6309)
CLUBER,Mben-Mben,PNUD,Senegal,-14.4039,14.8178,Unknown,2015-07-01,0,POINT (-14.4039 14.8178)
CLUBER,Vélingara,PNUD,Senegal,-14.6794,15.0003,Unknown,2015-07-01,0,POINT (-14.6794 15.0003)
CLUBER,Niomoune,Sunna Design,Senegal,-16.65,12.6333,Operating,2016-07-01,0,POINT (-16.65 12.6333)
CLUBER,Gababé,PNUD,Senegal,-13.55,16.1167,Operating,2016-07-01,0,POINT (-13.55 16.1167)
CLUBER,Oudalaye,PNUD,Senegal,-12.4348,14.1171,Operating,2016-07-01,0,POINT (-12.4348 14.1171)
CLUBER,Ololosokwan,Rafiki Power,Tanzania,35.3149,1.825,Operating,2015-07-01,0,POINT (35.3149 1.825)
CLUBER,Soitsambu,Rafiki Power,Tanzania,35.4167,-1.9,Operating,2015-07-01,0,POINT (35.4167 -1.9)
CLUBER,Chang'ombe,Rafiki Power,Tanzania,39.26,-6.84,Operating,2017-07-01,356,POINT (39.26 -6.84)
CLUBER,Dongo,Rafiki Power,Tanzania,39.7186,-7.9024,Operating,2017-07-01,0,POINT (39.7186 -7.9024)
CLUBER,Temeke,Rafiki Power,Tanzania,36.7235,-3.8432,Operating,2015-07-01,0,POINT (36.7235 -3.8432)
CLUBER,Ngombeni,Unkonwn,Tanzania,39.6936,-7.8979,Operating,2014-07-01,0,POINT (39.6936 -7.8979)
CLUBER,Leganga / Chitego,Unkonwn,Tanzania,36.369,-5.7138,Operating,2015-07-01,0,POINT (36.369 -5.7138)
CLUBER,Lobilo / Lenjulu,Unkonwn,Tanzania,36.818,-5.9961,Operating,2015-07-01,0,POINT (36.818 -5.9961)
CLUBER,Ngutoto / Chitego,Unkonwn,Tanzania,36.3317,-5.596,Operating,2015-07-01,0,POINT (36.3317 -5.596)
CLUBER,Silale / Makawa,Unkonwn,Tanzania,36.536,-5.754,Operating,2015-07-01,0,POINT (36.536 -5.754)
CLUBER,Uyovu,Unkonwn,Tanzania,31.503,-3.3194,Operating,2014-07-01,25,POINT (31.503 -3.3194)
CLUBER,Maguta/Lung'ali (I&II),Unkonwn,Tanzania,36.1938,-7.6689,Unknown,2015-07-01,0,POINT (36.1938 -7.6689)
CLUBER,Mawengi,ACRA-CCS with the local NGO Njombe Development Office (NDO),Tanzania,34.4716,-9.8429,Operating,2014-07-01,0,POINT (34.4716 -9.8429)
CLUBER,Runazi,Unkonwn,Tanzania,31.382,-2.8149,Operating,2014-07-01,69,POINT (31.382 -2.8149)
CLUBER,Ilela,Unkonwn,Tanzania,32.13,-6.7982,Operating,2015-07-01,0,POINT (32.13 -6.7982)
CLUBER,Ilunde,Unkonwn,Tanzania,32.484,-6.742,Operating,2015-07-01,0,POINT (32.484 -6.742)
CLUBER,Nsenkwa,Unkonwn,Tanzania,32.017,-6.7768,Operating,2015-07-01,0,POINT (32.017 -6.7768)
CLUBER,Kijungu,Unkonwn,Tanzania,37.182,-5.3968,Operating,2014-07-01,10,POINT (37.182 -5.3968)
CLUBER,Yovi Phase I,Unkonwn,Tanzania,36.8041,-7.5682,Unknown,2015-07-01,0,POINT (36.8041 -7.5682)
CLUBER,Kongwa,Unkonwn,Tanzania,37.849,-7.2607,Operating,2016-07-01,0,POINT (37.849 -7.2607)
CLUBER,Mahanje (East),Unkonwn,Tanzania,35.196,-9.956,Operating,2014-07-01,0,POINT (35.196 -9.956)
CLUBER,Mbangomao,Unkonwn,Tanzania,35.074,-11.021,Operating,2015-07-01,842,POINT (35.074 -11.021)
CLUBER,Chipole Mission,Unkonwn,Tanzania,35.2705,-10.8052,Operating,2016-07-01,7800,POINT (35.2705 -10.8052)
CLUBER,Chipole Mission,Unkonwn,Tanzania,35.201,-10.863,Operating,2014-07-01,0,POINT (35.201 -10.863)
CLUBER,Lumeme,Unkonwn,Tanzania,34.954,-11.157,Operating,2014-07-01,0,POINT (34.954 -11.157)
CLUBER,LUNDOMATO MISSION,Unkonwn,Tanzania,34.8,-10.853,Operating,2014-07-01,0,POINT (34.8 -10.853)
CLUBER,Segese,Unkonwn,Tanzania,32.421,-3.5335,Operating,2014-07-01,29,POINT (32.421 -3.5335)
CLUBER,Lyabukande,Unkonwn,Tanzania,32.93,-3.5699,Operating,2014-07-01,36,POINT (32.93 -3.5699)
CLUBER,Mwakitolyo,Unkonwn,Tanzania,32.735,-3.3926,Operating,2014-07-01,38,POINT (32.735 -3.3926)
CLUBER,Kona Nne,Unkonwn,Tanzania,31.7427,-5.034,Operating,2014-07-01,14,POINT (31.7427 -5.034)
CLUBER,Loya,Unkonwn,Tanzania,33.847,-5.0409,Operating,2015-07-01,0,POINT (33.847 -5.0409)
CLUBER,Lutende,Unkonwn,Tanzania,33.486,-4.9506,Operating,2015-07-01,0,POINT (33.486 -4.9506)
CLUBER,Tura,Unkonwn,Tanzania,33.8435,-5.495,Operating,2015-07-01,0,POINT (33.8435 -5.495)
CLUBER,Isenzanya,REDAVIA,Tanzania,32.72,-8.8,Operating,2017-07-01,0,POINT (32.72 -8.8)
CLUBER,Digo Digo,Rafiki Power,Tanzania,35.71,-2.13,Operating,2015-07-01,0,POINT (35.71 -2.13)
CLUBER,"Bwisya, Ukara Island",JUMEME,Tanzania,33.03,-1.874,Operating,2016-07-01,0,POINT (33.03 -1.874)
CLUBER,Itaswi,Rafiki Power,Tanzania,36.0,-4.55,Operating,2016-07-01,0,POINT (36 -4.55)
CLUBER,Kalumbaleza Power Project,Unkonwn,Tanzania,31.53,-7.6,Operating,2015-07-01,0,POINT (31.53 -7.6)
CLUBER,Komolo,Rafiki Power,Tanzania,36.7175,-3.8343,Operating,2014-07-01,0,POINT (36.7175 -3.8343)
CLUBER,Kwa Mtoro,Rafiki Power,Tanzania,35.43,-5.23,Operating,2016-07-01,0,POINT (35.43 -5.23)
CLUBER,Lwega Hydropower Project,Unkonwn,Tanzania,30.36,-6.31,Operating,2014-07-01,0,POINT (30.36 -6.31)
CLUBER,MAFIA ISLAND,TANESCO,Tanzania,39.7833,-7.85,Operating,2014-07-01,0,POINT (39.7833 -7.85)
CLUBER,Mafia Solar Project,Unkonwn,Tanzania,39.75,-7.86,Operating,2015-07-01,0,POINT (39.75 -7.86)
CLUBER,Makete / Lyamanji hydropower,KIBATCO Co. Ltd,Tanzania,34.06,-9.2,Operating,2014-07-01,0,POINT (34.06 -9.2)
CLUBER,Malambo,Rafiki Power,Tanzania,30.58,-6.15,Operating,2016-07-01,0,POINT (30.58 -6.15)
CLUBER,Mbinga,Andoya Hydro Electric Power Ltd (AHEPO),Tanzania,34.98,-10.94,Operating,2015-07-01,0,POINT (34.98 -10.94)
CLUBER,Mpanda Solar Project,Unkonwn,Tanzania,31.07,-6.34,Operating,2015-07-01,0,POINT (31.07 -6.34)
CLUBER,"Ngombei, Mafia Island",TANESCO,Tanzania,39.75,-7.869,Operating,2014-07-01,0,POINT (39.75 -7.869)
CLUBER,Songea,St. Agnes Chipole,Tanzania,35.64,-10.64,Operating,2015-07-01,0,POINT (35.64 -10.64)
CLUBER,Sumbawanga Solar Project,Unkonwn,Tanzania,31.61,-7.94,Operating,2015-07-01,0,POINT (31.61 -7.94)
CLUBER,Uzia Hydro Power Projecft,Unkonwn,Tanzania,31.65,-7.75,Operating,2015-07-01,0,POINT (31.65 -7.75)
CLUBER,Assoukoko,Unkonwn,Togo,0.659,8.0,Operating,2017-07-01,500,POINT (0.659 8)
CLUBER,Yegue,CEET,Togo,0.65,8.1833,Operating,2016-07-01,0,POINT (0.65 8.1833)
CLUBER,FOLO BANDA,Unkonwn,Togo,0.7,8.9333,Unknown,2018-07-01,0,POINT (0.7 8.9333)
CLUBER,KANDJO,Unkonwn,Togo,0.2585,9.5464,Unknown,2018-07-01,0,POINT (0.2585 9.5464)
CLUBER,TAKA/TEMA,Unkonwn,Togo,0.5167,9.8167,Unknown,2018-07-01,0,POINT (0.5167 9.8167)
CLUBER,TASSI,Unkonwn,Togo,0.65,8.6833,Unknown,2018-07-01,0,POINT (0.65 8.6833)
CLUBER,ELEVAGNON,Unkonwn,Togo,1.3,8.0,Unknown,2018-07-01,0,POINT (1.3 8)
CLUBER,KOUVON,Unkonwn,Togo,1.01,9.0,Unknown,2018-07-01,0,POINT (1.01 9)
CLUBER,MONO,Unkonwn,Togo,1.2333,8.45,Unknown,2018-07-01,0,POINT (1.2333 8.45)
CLUBER,Sokode,CEET,Togo,1.1333,8.9833,Operating,2016-07-01,0,POINT (1.1333 8.9833)
CLUBER,Djarikpanga,CEET,Togo,0.5667,8.7667,Operating,2016-07-01,130,POINT (0.5667 8.7667)
CLUBER,GBAO,Unkonwn,Togo,1.3833,9.4667,Unknown,2018-07-01,0,POINT (1.3833 9.4667)
CLUBER,Bandjeli,CEET,Togo,0.6167,9.45,Operating,2016-07-01,85,POINT (0.6167 9.45)
CLUBER,BOUNLARE,Unkonwn,Togo,0.7667,9.4,Unknown,2018-07-01,0,POINT (0.7667 9.4)
CLUBER,Dimori,CEET,Togo,0.5896,9.2033,Operating,2016-07-01,108,POINT (0.5896 9.2033)
CLUBER,Dimouri,CEET,Togo,0.5833,9.2025,Operating,2016-07-01,0,POINT (0.5833 9.2025)
CLUBER,Kountoum,Unkonwn,Togo,0.57,9.12,Operating,2017-07-01,0,POINT (0.57 9.12)
CLUBER,Mandouri,CEET,Togo,0.8167,10.85,Operating,2016-07-01,194,POINT (0.8167 10.85)
CLUBER,TCHAPOSSI,Unkonwn,Togo,0.6212,9.0601,Unknown,2018-07-01,0,POINT (0.6212 9.0601)
CLUBER,WALELE,Unkonwn,Togo,0.65,9.1667,Unknown,2018-07-01,0,POINT (0.65 9.1667)
CLUBER,LAMA-DESSI 1,Unkonwn,Togo,1.1861,9.5511,Unknown,2018-07-01,0,POINT (1.1861 9.5511)
CLUBER,DJABOKOU,Unkonwn,Togo,0.4514,9.9364,Unknown,2018-07-01,0,POINT (0.4514 9.9364)
CLUBER,GARIMBOM,Unkonwn,Togo,0.75,9.7333,Unknown,2018-07-01,0,POINT (0.75 9.7333)
CLUBER,KATCHAMBA CENTRE,Unkonwn,Togo,0.5258,9.8875,Unknown,2018-07-01,0,POINT (0.5258 9.8875)
CLUBER,KPANKPANDE,Unkonwn,Togo,0.4,9.8833,Unknown,2018-07-01,0,POINT (0.4 9.8833)
CLUBER,NAMAB,Unkonwn,Togo,0.6,9.8167,Unknown,2018-07-01,0,POINT (0.6 9.8167)
CLUBER,NANDOUTA,Unkonwn,Togo,0.4054,9.6033,Unknown,2018-07-01,0,POINT (0.4054 9.6033)
CLUBER,NAPIMBO,Unkonwn,Togo,0.65,9.8167,Unknown,2018-07-01,0,POINT (0.65 9.8167)
CLUBER,POUTAMELE,Unkonwn,Togo,0.55,9.5167,Unknown,2018-07-01,0,POINT (0.55 9.5167)
CLUBER,AGBASSA,Unkonwn,Togo,0.9236,9.7875,Unknown,2018-07-01,0,POINT (0.9236 9.7875)
CLUBER,KORE,Unkonwn,Togo,1.1833,9.8833,Unknown,2018-07-01,0,POINT (1.1833 9.8833)
CLUBER,TCHITCHIRA,Unkonwn,Togo,1.2879,10.0069,Unknown,2018-07-01,0,POINT (1.2879 10.0069)
CLUBER,Kara,CEET,Togo,1.1833,9.55,Operating,2016-07-01,0,POINT (1.1833 9.55)
CLUBER,DISSANI (BASSAMBA),Unkonwn,Togo,1.1167,10.05,Unknown,2018-07-01,0,POINT (1.1167 10.05)
CLUBER,KOUNITI,Unkonwn,Togo,1.1332,10.0,Unknown,2018-07-01,0,POINT (1.1332 10)
CLUBER,Barkoissi,CEET,Togo,0.3119,10.5478,Operating,2016-07-01,0,POINT (0.3119 10.5478)
CLUBER,AGBESSIA,Unkonwn,Togo,0.9206,6.5702,Unknown,2018-07-01,0,POINT (0.9206 6.5702)
CLUBER,AGBLEDO,Unkonwn,Togo,0.9667,6.55,Unknown,2018-07-01,0,POINT (0.9667 6.55)
CLUBER,AGOVE,Unkonwn,Togo,0.9831,6.3331,Unknown,2018-07-01,0,POINT (0.9831 6.3331)
CLUBER,ATTI-ATOVOU,Unkonwn,Togo,0.9,6.45,Unknown,2018-07-01,0,POINT (0.9 6.45)
CLUBER,BAKA KOPE,Unkonwn,Togo,1.3539,6.1644,Unknown,2018-07-01,0,POINT (1.3539 6.1644)
CLUBER,AVINATO,Unkonwn,Togo,1.2506,6.1381,Unknown,2018-07-01,0,POINT (1.2506 6.1381)
CLUBER,DANGBESSITO,Unkonwn,Togo,1.1,6.25,Unknown,2018-07-01,0,POINT (1.1 6.25)
CLUBER,MAMISSI,Unkonwn,Togo,1.6,6.3667,Unknown,2018-07-01,0,POINT (1.6 6.3667)
CLUBER,Ando Kpomey,PNUD,Togo,0.8836,6.4316,Unknown,2015-07-01,500,POINT (0.8836 6.4316)
CLUBER,Donomade,PNUD,Togo,1.5,6.5833,Unknown,2015-07-01,870,POINT (1.5 6.5833)
CLUBER,AGBETIM,Unkonwn,Togo,1.0667,6.6,Unknown,2018-07-01,0,POINT (1.0667 6.6)
CLUBER,AGBODJEKPO,Unkonwn,Togo,1.0221,6.8293,Unknown,2018-07-01,0,POINT (1.0221 6.8293)
CLUBER,AGOKPALA,Unkonwn,Togo,0.9349,6.7612,Unknown,2018-07-01,0,POINT (0.9349 6.7612)
CLUBER,AKE,Unkonwn,Togo,0.9667,6.75,Unknown,2018-07-01,0,POINT (0.9667 6.75)
CLUBER,DAFOLENYAME et ses fermes,Unkonwn,Togo,1.05,6.5167,Unknown,2018-07-01,0,POINT (1.05 6.5167)
CLUBER,GAME NYATIVE,Unkonwn,Togo,0.7833,6.6667,Unknown,2018-07-01,0,POINT (0.7833 6.6667)
CLUBER,GAME-KODJE,Unkonwn,Togo,1.0209,6.7263,Unknown,2018-07-01,0,POINT (1.0209 6.7263)
CLUBER,GAPE ALOYI,Unkonwn,Togo,1.1,6.5997,Unknown,2018-07-01,0,POINT (1.1 6.5997)
CLUBER,TOKPO,Unkonwn,Togo,1.0341,6.8682,Unknown,2018-07-01,0,POINT (1.0341 6.8682)
CLUBER,TSITO,Unkonwn,Togo,1.1667,6.7833,Unknown,2018-07-01,0,POINT (1.1667 6.7833)
CLUBER,Kougnohou,CEET,Togo,1.1497,7.2167,Operating,2016-07-01,0,POINT (1.1497 7.2167)
CLUBER,Bavou / Canton d'Ountivou,CEET,Togo,1.56,7.35,Operating,2017-07-01,176,POINT (1.56 7.35)
CLUBER,Agbave,AT2ER,Togo,0.9391,6.9118,Unknown,2018-07-01,0,POINT (0.9391 6.9118)
CLUBER,Agoe Akodessewa,AT2ER,Togo,1.2674,6.1645,Unknown,2018-07-01,0,POINT (1.2674 6.1645)
CLUBER,Agokplame,AT2ER,Togo,0.8667,6.8333,Unknown,2018-07-01,0,POINT (0.8667 6.8333)
CLUBER,Amavenou,AT2ER,Togo,0.8,6.7,Unknown,2018-07-01,0,POINT (0.8 6.7)
CLUBER,Damade,AT2ER,Togo,0.8333,6.7,Unknown,2018-07-01,0,POINT (0.8333 6.7)
CLUBER,Fokpo,AT2ER,Togo,0.8976,6.5272,Unknown,2018-07-01,0,POINT (0.8976 6.5272)
CLUBER,Kologan,AT2ER,Togo,0.9167,6.8167,Unknown,2018-07-01,0,POINT (0.9167 6.8167)
CLUBER,Kpovenou,AT2ER,Togo,0.8833,6.8,Unknown,2018-07-01,0,POINT (0.8833 6.8)
CLUBER,Lakponou,AT2ER,Togo,1.2833,6.1667,Unknown,2018-07-01,0,POINT (1.2833 6.1667)
CLUBER,Nyidove,AT2ER,Togo,0.7114,6.7607,Unknown,2018-07-01,0,POINT (0.7114 6.7607)
CLUBER,DENOU,Unkonwn,Togo,0.666,7.3181,Unknown,2018-07-01,0,POINT (0.666 7.3181)
CLUBER,KPEVE,Unkonwn,Togo,0.9833,6.9667,Unknown,2018-07-01,0,POINT (0.9833 6.9667)
CLUBER,YIKPA - DJIGBE,Unkonwn,Togo,0.6121,7.1263,Unknown,2018-07-01,0,POINT (0.6121 7.1263)
CLUBER,BODJE,Unkonwn,Togo,0.9047,7.0937,Unknown,2018-07-01,0,POINT (0.9047 7.0937)
CLUBER,KEMERIDA 1,Unkonwn,Togo,1.35,9.6667,Unknown,2018-07-01,0,POINT (1.35 9.6667)
CLUBER,KOKOLO COPE,Unkonwn,Togo,1.55,8.2,Unknown,2018-07-01,0,POINT (1.55 8.2)
CLUBER,Kpimé,CEET,Togo,0.6472,7.0059,Operating,2016-07-01,0,POINT (0.6472 7.0059)
CLUBER,TCHOKPO KOPE,Unkonwn,Togo,1.165,6.2236,Unknown,2018-07-01,0,POINT (1.165 6.2236)
CLUBER,AGOTE,Unkonwn,Togo,0.8,7.25,Unknown,2018-07-01,0,POINT (0.8 7.25)
CLUBER,Ahassome,CEET,Togo,1.5,7.2333,Operating,2016-07-01,0,POINT (1.5 7.2333)
CLUBER,Djon,CEET,Togo,0.7833,7.7333,Operating,2016-07-01,0,POINT (0.7833 7.7333)
CLUBER,Saligbe,CEET,Togo,1.6331,7.2167,Operating,2016-07-01,0,POINT (1.6331 7.2167)
CLUBER,Tado,CEET,Togo,1.5831,7.15,Operating,2016-07-01,0,POINT (1.5831 7.15)
CLUBER,Kpékplémé,CEET,Togo,1.6167,7.3331,Operating,2016-07-01,0,POINT (1.6167 7.3331)
CLUBER,DJEREHOUYE,Unkonwn,Togo,1.15,7.6167,Unknown,2018-07-01,0,POINT (1.15 7.6167)
CLUBER,BENALI,Unkonwn,Togo,0.7333,7.5833,Unknown,2018-07-01,0,POINT (0.7333 7.5833)
CLUBER,DOUME ELAVAGNON,Unkonwn,Togo,1.6445,8.0187,Unknown,2018-07-01,0,POINT (1.6445 8.0187)
CLUBER,EKETO,Unkonwn,Togo,0.8333,7.5,Unknown,2018-07-01,0,POINT (0.8333 7.5)
CLUBER,GOBE EGBO,Unkonwn,Togo,0.8,7.5167,Unknown,2018-07-01,0,POINT (0.8 7.5167)
CLUBER,KLABE AZAFI,Unkonwn,Togo,1.0333,7.5667,Unknown,2018-07-01,0,POINT (1.0333 7.5667)
CLUBER,LOM-NAVA,Unkonwn,Togo,1.35,7.4333,Unknown,2018-07-01,0,POINT (1.35 7.4333)
CLUBER,OTANDJOBO,Unkonwn,Togo,0.7,7.5833,Unknown,2018-07-01,0,POINT (0.7 7.5833)
CLUBER,TODOME,Unkonwn,Togo,0.7,7.3333,Unknown,2018-07-01,0,POINT (0.7 7.3333)
CLUBER,ZOMENOU,Unkonwn,Togo,0.6835,7.5057,Unknown,2018-07-01,0,POINT (0.6835 7.5057)
CLUBER,ZONGO YEYE,Unkonwn,Togo,1.6,7.8167,Unknown,2018-07-01,0,POINT (1.6 7.8167)
CLUBER,Takpapiéni / Nganbi,Unkonwn,Togo,0.8,10.18,Operating,2018-07-01,0,POINT (0.8 10.18)
CLUBER,Fare,CEET,Togo,0.4,10.1833,Operating,2016-07-01,0,POINT (0.4 10.1833)
CLUBER,Gando,CEET,Togo,0.7447,10.3325,Operating,2016-07-01,254,POINT (0.7447 10.3325)
CLUBER,Mogou,CEET,Togo,0.6439,10.3839,Operating,2016-07-01,31,POINT (0.6439 10.3839)
CLUBER,Nadjir,AT2ER,Togo,0.264,10.582,Unknown,2018-07-01,0,POINT (0.264 10.582)
CLUBER,Nandiki,AT2ER,Togo,0.4667,10.1667,Unknown,2018-07-01,0,POINT (0.4667 10.1667)
CLUBER,Takpamba,CEET,Togo,0.5653,9.9692,Operating,2016-07-01,0,POINT (0.5653 9.9692)
CLUBER,Dalagou,AT2ER,Togo,0.2667,10.9667,Unknown,2018-07-01,0,POINT (0.2667 10.9667)
CLUBER,Ganlore,AT2ER,Togo,0.3167,10.75,Unknown,2018-07-01,0,POINT (0.3167 10.75)
CLUBER,Kpeguibongue,AT2ER,Togo,0.2343,10.9838,Unknown,2018-07-01,0,POINT (0.2343 10.9838)
CLUBER,Tanninkaog,AT2ER,Togo,0.191,10.9629,Unknown,2018-07-01,0,POINT (0.191 10.9629)
CLUBER,Timangue,AT2ER,Togo,0.1889,10.983,Unknown,2018-07-01,0,POINT (0.1889 10.983)
CLUBER,Dapaong,CEET,Togo,0.2036,10.8678,Operating,2016-07-01,0,POINT (0.2036 10.8678)
CLUBER,Sabiegou,CEET,Togo,0.643,10.2451,Operating,2016-07-01,69,POINT (0.643 10.2451)
CLUBER,Sinda Village,Musika Development Initiatives,Zambia,31.76,-14.21,Operating,2017-07-01,60,POINT (31.76 -14.21)
CLUBER,Mashaba,SNV and Practical Action,Zimbabwe,29.05,-21.782,Operating,2016-07-01,0,POINT (29.05 -21.782)
